Name,Team,espn_id,WHIP,ERA,K,SV,W,L,HD,QS
Shohei Ohtani,LAD,39832,1.04,3.25,184.0,22.0,11.0,5.0,0.0,17.0
Paul Skenes,PIT,4719507,1.0,2.61,220.0,2.0,16.0,5.0,0.0,27.0
Tarik Skubal,DET,42409,0.94,2.73,253.0,3.0,17.0,5.0,0.0,26.0
Garrett Crochet,BOS,4297835,1.07,3.26,251.0,6.0,16.0,7.0,0.0,21.0
Cristopher Sanchez,PHI,42359,1.09,3.06,199.0,6.0,15.0,7.0,0.0,23.0
Logan Gilbert,SEA,41221,1.04,3.54,211.0,11.0,13.0,7.0,0.0,19.0
Yoshinobu Yamamoto,LAD,4872587,1.09,3.21,190.0,5.0,14.0,5.0,0.0,20.0
Bryan Woo,SEA,4629089,1.03,3.44,177.0,2.0,13.0,7.0,0.0,20.0
Logan Webb,SF,41216,1.16,3.31,191.0,2.0,14.0,8.0,0.0,22.0
Hunter Brown,HOU,4717803,1.16,3.46,192.0,2.0,13.0,7.0,0.0,20.0
Max Fried,NYY,32685,1.14,3.18,173.0,7.0,15.0,5.0,0.0,21.0
Chris Sale,ATL,30948,1.07,3.22,188.0,3.0,12.0,5.0,0.0,18.0
Joe Ryan,MIN,42450,1.1,3.77,191.0,1.0,11.0,8.0,0.0,17.0
Jesus Luzardo,PHI,39667,1.18,3.7,219.0,5.0,13.0,8.0,0.0,19.0
Jacob deGrom,TEX,32796,1.06,3.54,172.0,3.0,11.0,7.0,0.0,17.0
Mason Miller,SD,4730225,0.98,3.14,100.0,3.0,4.0,3.0,39.0,0.0
George Kirby,SEA,42406,1.1,3.72,172.0,3.0,12.0,7.0,0.0,18.0
Freddy Peralta,NYM,39825,1.19,3.63,200.0,6.0,13.0,7.0,0.0,19.0
Cade Smith,CLE,4987924,1.0,2.8,99.0,2.0,5.0,3.0,40.0,0.0
Cole Ragans,KC,41054,1.11,3.43,189.0,9.0,10.0,5.0,0.0,17.0
Framber Valdez,DET,36581,1.22,3.5,189.0,11.0,15.0,7.0,0.0,19.0
Dylan Cease,TOR,34943,1.24,3.81,204.0,9.0,11.0,8.0,0.0,18.0
Edwin Diaz,LAD,35394,0.95,3.0,92.0,6.0,4.0,3.0,38.0,0.0
Kevin Gausman,TOR,32667,1.17,3.58,183.0,2.0,13.0,7.0,0.0,19.0
Andres Munoz,SEA,40939,1.11,3.1,82.0,6.0,4.0,3.0,37.0,0.0
Nick Pivetta,SD,36071,1.13,3.69,181.0,3.0,11.0,7.0,0.0,18.0
Jhoan Duran,PHI,41109,1.07,3.18,84.0,4.0,4.0,4.0,37.0,0.0
Sonny Gray,BOS,32082,1.19,3.75,188.0,4.0,12.0,7.0,0.0,18.0
Zack Wheeler,PHI,31267,1.03,3.27,147.0,3.0,9.0,4.0,0.0,13.0
Devin Williams,NYM,33224,1.11,3.18,95.0,4.0,4.0,3.0,28.0,0.0
Ryan Pepiot,TB,4208281,1.19,3.87,173.0,5.0,11.0,8.0,0.0,18.0
Nathan Eovaldi,TEX,31174,1.07,3.24,145.0,4.0,11.0,6.0,0.0,18.0
Eury Perez,MIA,4917854,1.17,3.73,160.0,12.0,9.0,7.0,0.0,14.0
Luis Castillo,SEA,35124,1.16,3.71,178.0,2.0,12.0,8.0,0.0,18.0
David Bednar,NYY,38303,1.08,3.18,86.0,3.0,4.0,3.0,37.0,0.0
Kyle Bradish,BAL,4311625,1.14,3.4,164.0,5.0,10.0,6.0,0.0,17.0
Blake Snell,LAD,33748,1.17,3.1,195.0,12.0,12.0,4.0,0.0,18.0
Aroldis Chapman,BOS,30442,1.03,2.9,86.0,6.0,4.0,3.0,35.0,0.0
Brandon Woodruff,MIL,37515,1.09,3.53,166.0,1.0,11.0,5.0,0.0,16.0
Spencer Strider,ATL,4307825,1.22,4.1,210.0,2.0,11.0,6.0,0.0,15.0
Tanner Bibee,CLE,4345278,1.22,3.77,168.0,4.0,11.0,9.0,0.0,18.0
Raisel Iglesias,ATL,33618,1.05,3.27,74.0,0.0,4.0,3.0,31.0,0.0
Zac Gallen,ARI,39910,1.24,3.9,178.0,4.0,13.0,8.0,0.0,18.0
Nolan McLean,NYM,4433874,1.3,3.88,144.0,4.0,10.0,7.0,0.0,15.0
Jacob Misiorowski,MIL,5080761,1.28,3.94,169.0,4.0,9.0,7.0,0.0,16.0
Emilio Pagan,CIN,33403,1.11,3.55,73.0,1.0,3.0,4.0,32.0,0.0
Chase Burns,CIN,4927516,1.04,3.2,169.0,0.0,11.0,4.0,0.0,18.0
Nick Lodolo,CIN,42433,1.15,3.84,158.0,2.0,10.0,7.0,0.0,16.0
Michael King,SD,40429,1.23,3.81,155.0,2.0,9.0,7.0,0.0,16.0
Drew Rasmussen,TB,42584,1.14,3.44,144.0,4.0,12.0,6.0,0.0,19.0
Emmet Sheehan,LAD,4417806,1.08,3.71,148.0,2.0,8.0,5.0,0.0,14.0
Ranger Suarez,BOS,39817,1.24,3.6,150.0,1.0,12.0,6.0,0.0,16.0
Tyler Glasnow,LAD,33190,1.15,3.77,150.0,10.0,9.0,5.0,0.0,13.0
Andrew Abbott,CIN,4414528,1.25,3.81,156.0,4.0,12.0,8.0,0.0,18.0
MacKenzie Gore,TEX,39636,1.29,4.0,206.0,13.0,10.0,9.0,0.0,17.0
Bryan Abreu,HOU,41208,1.18,3.3,99.0,5.0,4.0,4.0,13.0,0.0
Gavin Williams,CLE,4345076,1.34,4.03,177.0,8.0,10.0,9.0,0.0,17.0
Cam Schlittler,NYY,5134581,1.27,3.66,137.0,2.0,9.0,5.0,0.0,14.0
Griffin Jax,TB,42604,1.07,3.22,81.0,2.0,4.0,3.0,25.0,0.0
Matthew Boyd,CHC,34401,1.16,3.65,141.0,2.0,11.0,7.0,0.0,17.0
Robbie Ray,SF,32175,1.26,3.99,173.0,8.0,10.0,9.0,0.0,16.0
Shota Imanaga,CHC,5134630,1.13,3.95,136.0,2.0,10.0,7.0,0.0,15.0
Josh Hader,HOU,32760,1.0,3.27,82.0,3.0,3.0,3.0,31.0,0.0
Abner Uribe,MIL,4917865,1.17,3.13,80.0,6.0,4.0,4.0,19.0,0.0
Jeff Hoffman,TOR,33841,1.22,4.1,86.0,4.0,3.0,5.0,25.0,0.0
Jack Flaherty,DET,33837,1.27,4.15,174.0,5.0,10.0,7.0,0.0,15.0
Pete Fairbanks,MIA,42180,1.16,3.57,62.0,3.0,3.0,3.0,31.0,0.0
Merrill Kelly,ARI,32968,1.23,3.82,142.0,1.0,11.0,7.0,0.0,16.0
Trevor Rogers,BAL,39640,1.24,3.76,132.0,1.0,10.0,7.0,0.0,15.0
Sandy Alcantara,MIA,35241,1.27,4.15,152.0,7.0,10.0,10.0,0.0,16.0
Ryan Helsley,BAL,39909,1.26,3.79,69.0,4.0,3.0,3.0,28.0,0.0
Shane Baz,BAL,39639,1.27,4.11,144.0,3.0,9.0,8.0,0.0,15.0
Tatsuya Imai,HOU,5330833,1.28,4.11,142.0,4.0,8.0,7.0,0.0,14.0
Kenley Jansen,DET,29630,1.19,3.72,57.0,1.0,3.0,3.0,31.0,0.0
Aaron Nola,PHI,33709,1.21,4.2,157.0,1.0,9.0,8.0,0.0,14.0
Yusei Kikuchi,LAA,41415,1.34,4.15,172.0,6.0,10.0,9.0,0.0,17.0
Kris Bubic,KC,41201,1.22,3.53,151.0,2.0,10.0,6.0,0.0,16.0
Trevor Megill,MIL,40080,1.18,3.42,62.0,3.0,3.0,3.0,26.0,0.0
Jose Soriano,LAA,40973,1.3,3.74,151.0,9.0,11.0,7.0,0.0,18.0
Bubba Chandler,PIT,4683325,1.27,4.03,147.0,3.0,8.0,8.0,0.0,15.0
Bailey Ober,MIN,3107919,1.17,4.12,156.0,1.0,10.0,8.0,0.0,16.0
Joe Musgrove,SD,34848,1.12,3.55,137.0,1.0,9.0,6.0,0.0,15.0
Daniel Palencia,CHC,4875225,1.31,4.0,65.0,2.0,2.0,4.0,32.0,0.0
Mitch Keller,PIT,33722,1.29,4.04,160.0,4.0,10.0,10.0,0.0,17.0
Gerrit Cole,NYY,32081,1.08,3.26,115.0,1.0,8.0,4.0,0.0,12.0
Edward Cabrera,CHC,40944,1.25,3.81,163.0,7.0,10.0,6.0,0.0,15.0
Brady Singer,CIN,41172,1.28,4.11,156.0,3.0,10.0,9.0,0.0,17.0
Carlos Rodon,NYY,33696,1.19,3.85,143.0,4.0,10.0,5.0,0.0,14.0
Michael Wacha,KC,32640,1.23,3.66,136.0,3.0,11.0,8.0,0.0,18.0
Cade Horton,CHC,4692526,1.27,3.74,115.0,3.0,10.0,5.0,0.0,15.0
Seth Lugo,KC,34873,1.27,3.97,149.0,5.0,11.0,9.0,0.0,17.0
Trey Yesavage,TOR,4949041,1.31,3.9,141.0,6.0,7.0,6.0,0.0,12.0
Shane McClanahan,TB,41199,1.29,4.46,133.0,4.0,6.0,6.0,0.0,10.0
Clay Holmes,NYM,32827,1.31,3.74,133.0,7.0,11.0,7.0,0.0,18.0
Shane Smith,CWS,5201814,1.27,3.96,155.0,6.0,9.0,9.0,0.0,17.0
Noah Cameron,KC,4417208,1.27,3.83,149.0,3.0,10.0,9.0,0.0,17.0
Carlos Estevez,KC,34861,1.22,3.6,58.0,2.0,3.0,4.0,30.0,0.0
Jack Leiter,TEX,4622181,1.32,4.22,158.0,8.0,9.0,9.0,0.0,16.0
Cody Ponce,TOR,34999,1.27,4.15,143.0,14.0,9.0,7.0,0.0,14.0
Chris Bassitt,BAL,33148,1.34,4.12,138.0,3.0,9.0,8.0,0.0,15.0
Ian Seymour,TB,4669425,1.19,3.61,152.0,1.0,10.0,6.0,0.0,17.0
Ryan Walker,SF,5000950,1.13,3.34,67.0,2.0,3.0,4.0,31.0,0.0
Kodai Senga,NYM,4142421,1.32,3.83,127.0,8.0,8.0,5.0,0.0,13.0
David Peterson,NYM,40921,1.33,3.85,140.0,4.0,10.0,7.0,0.0,16.0
Robert Garcia,TEX,5125167,1.14,3.57,71.0,2.0,3.0,4.0,24.0,0.0
Brayan Bello,BOS,4720856,1.33,4.04,137.0,4.0,11.0,7.0,0.0,16.0
Shane Bieber,TOR,40912,1.11,3.72,111.0,3.0,8.0,5.0,0.0,12.0
Robert Suarez,ATL,4148749,1.09,3.27,64.0,1.0,4.0,3.0,6.0,0.0
Chad Patrick,MIL,5131708,1.3,4.14,147.0,1.0,9.0,7.0,0.0,15.0
Jeffrey Springs,OAK,35397,1.32,4.42,142.0,0.0,9.0,10.0,0.0,16.0
Reid Detmers,LAA,4326697,1.31,4.54,147.0,4.0,7.0,7.0,0.0,12.0
Joey Cantillo,CLE,42488,1.29,3.86,146.0,5.0,8.0,7.0,0.0,14.0
Jameson Taillon,CHC,31258,1.25,4.33,103.0,2.0,8.0,7.0,0.0,12.0
Brandon Pfaadt,ARI,4721302,1.29,4.45,151.0,2.0,10.0,9.0,0.0,16.0
Jeremiah Estrada,SD,41014,1.13,3.6,102.0,4.0,3.0,5.0,2.0,0.0
Grayson Rodriguez,LAA,41196,1.2,3.91,139.0,5.0,7.0,6.0,0.0,11.0
Ryne Nelson,ARI,4916269,1.24,3.97,94.0,2.0,8.0,5.0,0.0,12.0
Sean Manaea,NYM,33244,1.17,4.1,100.0,2.0,6.0,4.0,0.0,10.0
Mike Burrows,HOU,4918155,1.23,3.95,138.0,2.0,8.0,6.0,0.0,13.0
Bryce Miller,SEA,4654313,1.2,4.22,127.0,2.0,8.0,8.0,0.0,13.0
Dennis Santana,PIT,39801,1.29,4.04,62.0,2.0,3.0,5.0,14.0,0.0
Casey Mize,DET,41167,1.28,4.06,109.0,2.0,8.0,6.0,0.0,13.0
Dean Kremer,BAL,38295,1.3,4.34,123.0,5.0,8.0,8.0,0.0,13.0
JoJo Romero,STL,40456,1.34,3.97,50.0,2.0,2.0,5.0,17.0,0.0
Matt Strahm,KC,34862,1.05,3.05,74.0,2.0,4.0,3.0,2.0,0.0
Andrew Painter,PHI,4872683,1.36,4.35,124.0,0.0,7.0,6.0,0.0,12.0
Will Vest,DET,41606,1.17,3.39,70.0,4.0,4.0,4.0,7.0,0.0
Zack Littell,WSH,36052,1.22,4.02,91.0,2.0,7.0,6.0,0.0,12.0
Roki Sasaki,LAD,5134638,1.35,3.92,118.0,11.0,9.0,6.0,0.0,6.0
Zebby Matthews,MIN,4791597,1.28,4.1,115.0,3.0,7.0,5.0,0.0,13.0
Braxton Garrett,MIA,40971,1.18,3.73,129.0,3.0,8.0,6.0,0.0,14.0
Justin Steele,CHC,41022,1.19,3.63,135.0,3.0,10.0,5.0,0.0,14.0
Seranthony Dominguez,CWS,37793,1.32,4.0,74.0,9.0,2.0,5.0,17.0,0.0
Logan Henderson,MIL,4917878,1.25,4.15,120.0,2.0,7.0,6.0,0.0,6.0
Braxton Ashcraft,PIT,41282,1.31,3.87,87.0,1.0,5.0,5.0,0.0,12.0
Kevin Ginkel,ARI,41432,1.34,3.88,76.0,4.0,3.0,4.0,17.0,0.0
Will Warren,NYY,5132011,1.4,4.73,100.0,1.0,6.0,5.0,0.0,9.0
Luis Severino,OAK,33263,1.36,4.4,131.0,4.0,9.0,10.0,0.0,15.0
Garrett Whitlock,BOS,39674,1.14,3.17,78.0,3.0,4.0,4.0,2.0,0.0
Zach Eflin,BAL,32804,1.22,4.27,111.0,1.0,8.0,7.0,0.0,12.0
Alex Vesia,LAD,42622,1.06,3.52,83.0,3.0,4.0,3.0,2.0,0.0
Cristian Javier,HOU,41261,1.28,4.25,112.0,5.0,7.0,7.0,0.0,12.0
Hunter Gaddis,CLE,4187661,1.15,3.44,66.0,2.0,3.0,5.0,2.0,0.0
Garrett Cleavinger,TB,36429,1.12,3.57,74.0,2.0,3.0,3.0,2.0,0.0
Edwin Uceta,TB,41308,1.25,3.95,71.0,0.0,2.0,4.0,13.0,0.0
Phil Maton,CHC,36161,1.11,3.34,77.0,1.0,4.0,3.0,4.0,0.0
Parker Messick,CLE,4619898,1.28,3.82,110.0,4.0,6.0,6.0,0.0,11.0
Reynaldo Lopez,ATL,33860,1.2,3.43,117.0,2.0,8.0,4.0,0.0,13.0
Andrew Kittredge,BAL,35872,1.1,3.57,67.0,1.0,3.0,4.0,6.0,0.0
Simeon Woods Richardson,MIN,41383,1.36,4.43,113.0,4.0,7.0,7.0,0.0,13.0
Hunter Greene,CIN,39635,1.1,3.62,94.0,3.0,5.0,4.0,0.0,8.0
Dustin May,STL,40937,1.34,4.18,109.0,3.0,7.0,7.0,0.0,13.0
Luke Weaver,NYM,33770,1.19,3.91,77.0,1.0,3.0,5.0,6.0,0.0
Johan Oviedo,BOS,41405,1.35,4.18,117.0,5.0,7.0,6.0,0.0,11.0
Nick Martinez,TB,33372,1.19,3.7,116.0,5.0,10.0,7.0,0.0,6.0
Tony Santillan,CIN,40950,1.33,4.0,72.0,3.0,3.0,5.0,4.0,0.0
Riley O'Brien,STL,41509,1.29,3.6,55.0,3.0,3.0,3.0,17.0,0.0
Quinn Priester,MIL,42449,1.33,4.27,96.0,3.0,7.0,6.0,0.0,11.0
Tyler Rogers,TOR,34026,1.14,3.3,52.0,0.0,4.0,4.0,2.0,0.0
Lucas Erceg,KC,36618,1.21,3.43,59.0,4.0,3.0,4.0,9.0,0.0
Ryan Weathers,NYY,41178,1.28,4.13,93.0,2.0,6.0,5.0,0.0,11.0
Clayton Beeter,WSH,4313143,1.44,4.0,70.0,2.0,2.0,4.0,16.0,0.0
Matt Brash,SEA,4894467,1.17,3.33,70.0,3.0,3.0,3.0,4.0,0.0
Grant Holmes,ATL,33840,1.32,4.21,116.0,4.0,7.0,5.0,0.0,10.0
Grant Taylor,CWS,4927630,1.09,2.85,99.0,7.0,6.0,3.0,0.0,0.0
Jason Adam,SD,32145,1.13,3.14,72.0,2.0,4.0,3.0,2.0,0.0
Jared Jones,PIT,4918156,1.19,3.92,118.0,2.0,6.0,6.0,0.0,11.0
Slade Cecconi,CLE,41462,1.27,4.35,127.0,3.0,8.0,9.0,0.0,14.0
Kyle Leahy,STL,5006093,1.21,3.61,114.0,7.0,6.0,9.0,0.0,7.0
Joe Boyle,TB,4298087,1.31,4.05,110.0,5.0,6.0,5.0,0.0,11.0
Kirby Yates,LAA,32623,1.25,3.94,62.0,2.0,2.0,3.0,7.0,0.0
Tyler Mahle,SF,34973,1.22,3.62,74.0,0.0,6.0,5.0,0.0,11.0
Camilo Doval,NYY,41337,1.3,3.86,79.0,6.0,3.0,4.0,5.0,0.0
Tyler Holton,DET,3983833,1.09,3.53,63.0,2.0,4.0,4.0,2.0,0.0
Steven Matz,TB,33106,1.22,3.89,87.0,3.0,5.0,7.0,2.0,1.0
Spencer Schwellenbach,ATL,4424862,1.06,3.52,65.0,1.0,5.0,2.0,0.0,6.0
Tanner Scott,LAD,35135,1.11,3.39,74.0,2.0,3.0,4.0,2.0,0.0
Lucas Giolito,FA,32697,1.36,4.3,145.0,4.0,9.0,8.0,0.0,14.0
Luis Gil,NYY,40626,1.36,4.2,128.0,6.0,8.0,7.0,0.0,14.0
Jose Ferrer,SEA,5119607,1.1,3.21,69.0,4.0,4.0,4.0,2.0,0.0
Michael McGreevy,STL,4424141,1.36,4.32,101.0,1.0,8.0,8.0,0.0,13.0
Dylan Lee,ATL,41455,1.12,3.74,76.0,3.0,3.0,4.0,2.0,0.0
Cade Cavalli,WSH,4308037,1.38,4.24,112.0,9.0,7.0,6.0,0.0,12.0
Jared Koenig,MIL,4995802,1.17,3.43,60.0,1.0,4.0,3.0,2.0,0.0
Justin Verlander,DET,6341,1.41,4.38,127.0,3.0,9.0,7.0,0.0,14.0
Adrian Morejon,SD,40917,1.1,3.13,65.0,4.0,4.0,4.0,2.0,0.0
Jacob Lopez,OAK,42239,1.37,4.59,112.0,1.0,5.0,6.0,0.0,10.0
Matthew Liberatore,STL,41173,1.3,4.18,111.0,6.0,8.0,8.0,0.0,15.0
Cole Sands,MIN,3983841,1.17,3.65,64.0,3.0,3.0,5.0,2.0,0.0
Foster Griffin,WSH,33773,1.33,4.24,108.0,2.0,8.0,7.0,0.0,13.0
Eduardo Rodriguez,ARI,32675,1.4,4.38,140.0,3.0,9.0,8.0,0.0,14.0
Michael Soroka,ARI,34984,1.29,4.36,96.0,2.0,6.0,5.0,0.0,2.0
Bryan King,HOU,5201821,1.09,3.32,65.0,2.0,4.0,3.0,0.0,0.0
Sean Burke,CWS,4867679,1.42,4.54,124.0,2.0,6.0,8.0,0.0,13.0
Fernando Cruz,NYY,34068,1.2,3.86,86.0,6.0,3.0,3.0,2.0,0.0
Shawn Armstrong,CLE,33499,1.14,3.34,65.0,2.0,4.0,4.0,0.0,0.0
Justin Topa,MIN,38796,1.26,3.48,50.0,0.0,3.0,4.0,4.0,0.0
Taj Bradley,MIN,42480,1.31,4.32,118.0,5.0,7.0,7.0,0.0,12.0
Jordan Leasure,CWS,5132121,1.36,4.7,79.0,4.0,2.0,6.0,5.0,0.0
Adrian Houser,SF,32157,1.32,4.09,101.0,4.0,8.0,8.0,0.0,14.0
Davis Martin,CWS,42823,1.33,4.15,107.0,2.0,7.0,9.0,0.0,14.0
Landen Roupp,SF,4345404,1.38,4.18,108.0,7.0,6.0,7.0,0.0,13.0
Brad Keller,PHI,35292,1.3,3.82,58.0,2.0,3.0,4.0,2.0,0.0
Rhett Lowder,CIN,4758873,1.36,4.13,82.0,0.0,7.0,5.0,0.0,11.0
Robert Stephenson,LAA,32134,1.05,3.56,57.0,3.0,2.0,3.0,7.0,0.0
Anthony Kay,CWS,40947,1.35,4.53,103.0,2.0,6.0,9.0,0.0,4.0
JP Sears,SD,39818,1.31,4.5,82.0,0.0,5.0,5.0,0.0,2.0
Gabe Speier,SEA,40327,1.08,3.46,79.0,2.0,3.0,4.0,0.0,0.0
Michael Lorenzen,COL,33252,1.41,4.59,119.0,8.0,6.0,11.0,0.0,13.0
Max Meyer,MIA,4345164,1.33,4.21,97.0,0.0,5.0,5.0,0.0,9.0
Orion Kerkering,PHI,4630789,1.22,3.43,69.0,3.0,3.0,4.0,1.0,0.0
Chris Paddack,MIA,35999,1.35,4.63,102.0,4.0,7.0,8.0,0.0,12.0
Richard Fitts,STL,4414243,1.42,4.57,103.0,2.0,7.0,8.0,0.0,12.0
Hunter Barco,PIT,4621029,1.36,4.25,106.0,5.0,6.0,6.0,0.0,6.0
Keegan Akin,BAL,36724,1.34,4.3,69.0,3.0,3.0,4.0,4.0,0.0
Bryan Baker,TB,40884,1.24,4.23,77.0,3.0,3.0,4.0,0.0,0.0
Jose Berrios,TOR,32811,1.28,4.11,77.0,1.0,6.0,4.0,0.0,2.0
Justin Sterner,OAK,4307467,1.29,4.43,68.0,1.0,2.0,5.0,2.0,0.0
Miles Mikolas,WSH,32116,1.34,4.75,103.0,1.0,8.0,10.0,0.0,14.0
Hogan Harris,OAK,41364,1.5,4.64,62.0,1.0,2.0,5.0,14.0,0.0
John Schreiber,KC,39949,1.25,3.94,63.0,2.0,3.0,4.0,2.0,0.0
Jack Dreyer,LAD,5136082,1.09,3.16,72.0,1.0,5.0,3.0,2.0,0.0
Kumar Rocker,TEX,4414525,1.36,4.41,95.0,6.0,5.0,6.0,0.0,10.0
Kyle Finnegan,DET,36543,1.25,3.84,61.0,4.0,3.0,4.0,4.0,0.0
Tomoyuki Sugano,COL,4142423,1.38,4.38,89.0,3.0,6.0,10.0,0.0,14.0
Taylor Rogers,MIN,33671,1.37,4.33,53.0,1.0,2.0,4.0,15.0,0.0
Luis Morales,OAK,5150939,1.44,4.75,95.0,7.0,5.0,7.0,0.0,9.0
Calvin Faucher,MIA,3978173,1.3,3.84,60.0,4.0,3.0,4.0,6.0,0.0
Graham Ashcraft,CIN,4084179,1.3,3.49,62.0,3.0,4.0,3.0,4.0,0.0
Marcus Stroman,FA,32815,1.43,4.27,86.0,3.0,7.0,6.0,0.0,11.0
Max Scherzer,TOR,28976,1.26,4.28,96.0,2.0,6.0,5.0,0.0,10.0
Matt Svanson,STL,4649953,1.28,3.46,60.0,1.0,4.0,3.0,0.0,0.0
Brad Lord,WSH,4866810,1.29,3.99,65.0,0.0,5.0,4.0,0.0,9.0
Randy Vasquez,SD,4722847,1.45,4.61,78.0,4.0,7.0,7.0,0.0,11.0
Gregory Soto,PIT,39804,1.31,3.92,69.0,9.0,2.0,5.0,0.0,0.0
Yimi Garcia,TOR,32888,1.19,3.75,44.0,1.0,2.0,2.0,11.0,0.0
Bryce Elder,ATL,4301067,1.37,4.47,115.0,4.0,8.0,7.0,0.0,12.0
Caleb Thielbar,CHC,32440,1.18,3.79,58.0,1.0,3.0,3.0,2.0,0.0
Eduard Bazardo,SEA,41939,1.16,3.6,75.0,3.0,4.0,4.0,0.0,0.0
Aaron Civale,OAK,40934,1.3,4.21,78.0,1.0,5.0,5.0,0.0,9.0
Paul Sewald,ARI,35009,1.23,4.21,48.0,1.0,2.0,3.0,11.0,0.0
Louis Varland,TOR,4917888,1.29,4.3,71.0,0.0,3.0,5.0,0.0,0.0
Cole Henry,WSH,4414361,1.52,4.66,53.0,2.0,2.0,4.0,8.0,0.0
Charlie Morton,FA,29155,1.48,4.78,132.0,2.0,6.0,8.0,0.0,12.0
Brendon Little,TOR,39645,1.37,3.74,79.0,6.0,3.0,4.0,0.0,0.0
Jacob Latz,TEX,3210625,1.4,4.08,51.0,2.0,3.0,3.0,0.0,1.0
Greg Weissert,BOS,41485,1.26,3.55,57.0,1.0,4.0,3.0,2.0,0.0
Anthony Bender,MIA,42171,1.24,3.35,44.0,1.0,3.0,3.0,2.0,0.0
Jake Irvin,WSH,41290,1.37,4.79,101.0,3.0,6.0,9.0,0.0,4.0
Chris Martin,TEX,32903,1.09,3.4,44.0,2.0,2.0,3.0,7.0,0.0
Victor Vodnik,COL,4722599,1.45,4.05,54.0,4.0,2.0,5.0,11.0,0.0
Ben Joyce,LAA,4867388,1.31,3.75,52.0,6.0,2.0,3.0,11.0,0.0
Logan Allen,CLE,4683350,1.44,4.53,119.0,3.0,7.0,10.0,0.0,14.0
Drew Pomeranz,LAA,31010,1.17,3.56,54.0,1.0,2.0,3.0,2.0,0.0
Scott Barlow,OAK,32156,1.4,4.15,73.0,2.0,2.0,5.0,0.0,0.0
Ryan Thompson,ARI,38628,1.24,3.6,44.0,1.0,3.0,3.0,4.0,0.0
Kyle Harrison,MIL,4683375,1.48,4.84,83.0,2.0,4.0,5.0,0.0,7.0
Pierce Johnson,CIN,32777,1.25,4.13,68.0,2.0,3.0,4.0,0.0,0.0
Steven Okert,HOU,33716,1.16,3.9,79.0,1.0,3.0,4.0,0.0,0.0
Kutter Crawford,BOS,41277,1.23,4.18,73.0,2.0,4.0,4.0,0.0,1.0
Seth Halvorsen,COL,5204400,1.52,4.83,52.0,2.0,1.0,5.0,8.0,0.0
Brooks Raley,NYM,32005,1.06,2.81,49.0,0.0,3.0,2.0,2.0,0.0
Tyler Kinley,ATL,34166,1.29,3.99,80.0,6.0,3.0,5.0,0.0,0.0
Cody Bradford,TEX,4142539,1.12,3.78,63.0,1.0,4.0,4.0,0.0,1.0
Troy Melton,DET,5294127,1.33,4.33,80.0,3.0,5.0,4.0,0.0,8.0
Yennier Cano,BAL,35536,1.26,3.77,59.0,1.0,3.0,4.0,2.0,0.0
Lance McCullers Jr.,HOU,32764,1.61,4.85,106.0,6.0,5.0,6.0,0.0,9.0
Ryan Zeferjahn,LAA,4722057,1.42,4.65,71.0,2.0,2.0,5.0,2.0,0.0
Justin Slaten,BOS,4917925,1.16,3.35,46.0,3.0,3.0,3.0,2.0,0.0
Hoby Milner,CHC,36088,1.19,3.63,57.0,0.0,4.0,3.0,0.0,0.0
Spencer Arrighetti,HOU,4726080,1.43,4.68,102.0,3.0,5.0,6.0,0.0,9.0
Aaron Ashby,MIL,41325,1.44,4.14,65.0,3.0,3.0,4.0,0.0,0.0
Isaac Mattson,PIT,42063,1.3,3.78,51.0,0.0,2.0,4.0,0.0,0.0
Bennett Sousa,HOU,41776,1.07,3.5,59.0,4.0,3.0,3.0,0.0,0.0
Jimmy Herget,COL,36093,1.32,3.97,71.0,2.0,3.0,6.0,0.0,0.0
Connelly Early,BOS,4863321,1.29,3.58,83.0,3.0,5.0,3.0,0.0,9.0
Tanner Banks,PHI,40437,1.19,3.91,60.0,1.0,3.0,5.0,0.0,0.0
Juan Mejia,COL,5185107,1.42,4.21,67.0,1.0,2.0,5.0,0.0,0.0
Jose Quintana,COL,32106,1.47,4.4,83.0,3.0,6.0,9.0,0.0,12.0
Huascar Brazoban,NYM,4916509,1.29,3.88,64.0,4.0,3.0,4.0,2.0,0.0
Hunter Harvey,CHC,33191,1.14,3.77,50.0,1.0,2.0,3.0,2.0,0.0
Andre Pallante,STL,4109034,1.43,4.35,62.0,7.0,5.0,5.0,0.0,1.0
Erik Sabrowski,CLE,5194333,1.4,3.86,58.0,0.0,2.0,3.0,0.0,0.0
Tommy Kahnle,BOS,31867,1.36,4.19,54.0,3.0,2.0,4.0,6.0,0.0
Matt Festa,CLE,39871,1.2,3.44,58.0,1.0,3.0,3.0,0.0,0.0
Colin Rea,CHC,33950,1.34,4.4,67.0,1.0,5.0,5.0,0.0,1.0
Nick Mears,KC,42620,1.19,3.88,57.0,2.0,3.0,3.0,0.0,0.0
Jose Butto,SF,4905900,1.3,3.68,57.0,2.0,3.0,4.0,0.0,0.0
Jordan Romano,LAA,36380,1.3,4.7,57.0,0.0,2.0,3.0,7.0,0.0
Hunter Dobbins,STL,4415836,1.33,4.0,53.0,0.0,4.0,4.0,0.0,4.0
Jose Alvarado,PHI,36063,1.24,3.86,50.0,3.0,3.0,2.0,0.0,0.0
Chase Dollander,COL,4719068,1.61,5.15,105.0,2.0,4.0,10.0,0.0,11.0
Mason Montgomery,PIT,4424112,1.42,4.58,67.0,0.0,2.0,4.0,0.0,0.0
Anthony Banda,MIN,34542,1.36,4.22,62.0,4.0,2.0,5.0,4.0,0.0
Robby Snelling,MIA,5080753,1.3,4.02,51.0,1.0,3.0,3.0,0.0,7.0
Michael Kelly,OAK,36156,1.37,4.19,30.0,2.0,2.0,3.0,9.0,0.0
Janson Junk,MIA,4881980,1.29,3.97,76.0,3.0,7.0,5.0,0.0,11.0
Jakob Junis,TEX,36056,1.14,3.38,58.0,1.0,3.0,4.0,0.0,0.0
Brant Hurter,DET,5197093,1.3,3.9,63.0,1.0,4.0,3.0,0.0,0.0
Payton Tolle,BOS,4966140,1.22,4.19,95.0,5.0,6.0,4.0,0.0,1.0
Brock Burke,CIN,39945,1.3,4.14,57.0,1.0,3.0,4.0,0.0,0.0
Jon Gray,FA,33203,1.31,4.28,56.0,1.0,3.0,4.0,0.0,6.0
Blake Treinen,LAD,32185,1.26,3.86,51.0,1.0,2.0,3.0,2.0,0.0
Wandy Peralta,SD,36036,1.34,3.76,58.0,1.0,4.0,3.0,0.0,0.0
A.J. Minter,NYM,36133,1.13,3.55,47.0,0.0,2.0,2.0,0.0,0.0
Carmen Mlodzinski,PIT,4298378,1.29,3.65,60.0,2.0,4.0,4.0,0.0,0.0
Spencer Bivens,SF,5136077,1.28,3.79,55.0,2.0,3.0,5.0,2.0,0.0
Tyler Wells,BAL,4717904,1.17,4.17,51.0,1.0,3.0,3.0,0.0,1.0
Carlos Vargas,SEA,42504,1.32,4.08,50.0,3.0,3.0,5.0,0.0,0.0
Caden Dana,LAA,5197473,1.55,5.08,104.0,6.0,5.0,8.0,0.0,10.0
Tyler Anderson,LAA,32151,1.44,4.69,114.0,4.0,7.0,9.0,0.0,12.0
Erik Miller,SF,4152950,1.3,3.63,62.0,1.0,3.0,3.0,0.0,0.0
Ryan Yarbrough,NYY,33735,1.19,4.04,57.0,1.0,5.0,3.0,0.0,0.0
Eric Lauer,TOR,39915,1.28,4.29,80.0,0.0,5.0,5.0,0.0,0.0
Ryne Stanek,STL,33301,1.39,4.33,56.0,4.0,2.0,4.0,2.0,0.0
Andrew Nardi,MIA,3975840,1.14,3.86,59.0,1.0,2.0,3.0,2.0,0.0
Taijuan Walker,PHI,31864,1.44,4.85,80.0,1.0,6.0,7.0,0.0,10.0
Caleb Ferguson,CIN,41017,1.27,3.6,57.0,2.0,3.0,4.0,2.0,0.0
Tyler Ferguson,OAK,41612,1.31,3.76,54.0,1.0,2.0,4.0,0.0,0.0
Cole Winn,TEX,41177,1.29,3.63,42.0,2.0,3.0,3.0,0.0,0.0
Sean Newcomb,CWS,33856,1.4,4.37,60.0,2.0,3.0,5.0,0.0,1.0
Brent Suter,LAA,36023,1.24,3.82,53.0,2.0,4.0,3.0,0.0,0.0
Elvis Alvarado,OAK,42211,1.5,4.5,59.0,3.0,3.0,3.0,0.0,0.0
Kyle Freeland,COL,33839,1.43,4.81,118.0,2.0,6.0,12.0,0.0,14.0
Aaron Bummer,ATL,36131,1.25,3.6,59.0,2.0,4.0,2.0,0.0,0.0
Jose Urquidy,PIT,35759,1.32,4.5,47.0,1.0,2.0,4.0,0.0,1.0
Tyler Alexander,TEX,40360,1.28,4.43,61.0,0.0,4.0,4.0,0.0,1.0
Lake Bachar,MIA,42592,1.37,4.29,65.0,4.0,4.0,3.0,0.0,0.0
Jalen Beeks,TEX,36723,1.28,3.9,55.0,3.0,4.0,3.0,2.0,0.0
Tim Hill,NYY,37005,1.28,3.94,35.0,0.0,3.0,4.0,0.0,0.0
Ben Brown,CHC,41516,1.29,4.5,91.0,4.0,5.0,5.0,0.0,0.0
Mike Vasil,CWS,4414551,1.52,4.82,61.0,2.0,3.0,6.0,1.0,0.0
Jacob Webb,CHC,40384,1.3,4.0,63.0,2.0,3.0,4.0,0.0,0.0
Ryan Feltner,COL,4019484,1.65,5.26,86.0,5.0,3.0,9.0,0.0,8.0
Kody Funderburk,MIN,4348166,1.39,4.11,43.0,5.0,2.0,3.0,0.0,0.0
Nestor Cortes,FA,36480,1.29,4.45,89.0,1.0,5.0,6.0,0.0,9.0
Danny Coulombe,BOS,33638,1.22,3.6,48.0,2.0,2.0,3.0,0.0,0.0
Braydon Fisher,TOR,41318,1.28,3.57,62.0,1.0,4.0,2.0,0.0,0.0
Griffin Canning,SD,41065,1.33,4.28,56.0,2.0,3.0,4.0,0.0,6.0
Angel Zerpa,MIL,4705673,1.29,3.86,52.0,2.0,3.0,4.0,0.0,0.0
P.J. Poulin,WSH,4019760,1.26,3.55,45.0,0.0,2.0,2.0,0.0,0.0
Daniel Lynch IV,KC,41227,1.31,4.02,47.0,0.0,3.0,4.0,0.0,0.0
Alex Cobb,FA,31086,1.35,4.0,47.0,2.0,3.0,3.0,0.0,5.0
Tyler Phillips,MIA,41247,1.44,4.8,53.0,3.0,2.0,6.0,0.0,0.0
Grant Anderson,MIL,42161,1.35,4.29,67.0,0.0,3.0,4.0,0.0,0.0
Ben Casparius,LAD,4326800,1.27,3.84,72.0,1.0,5.0,3.0,0.0,0.0
Tim Herrin,CLE,4228579,1.33,3.94,51.0,3.0,2.0,3.0,0.0,0.0
Brenan Hanifee,DET,40485,1.3,3.69,46.0,1.0,3.0,4.0,0.0,0.0
Yuki Matsui,SD,4142414,1.35,4.29,65.0,6.0,4.0,3.0,0.0,0.0
German Marquez,SD,34874,1.47,5.01,61.0,3.0,4.0,5.0,0.0,7.0
Cade Gibson,MIA,5273591,1.27,3.36,51.0,5.0,4.0,3.0,0.0,0.0
Enyel De Los Santos,HOU,35026,1.3,4.36,63.0,2.0,2.0,5.0,0.0,0.0
Jose Corniell,TEX,4710478,1.08,2.86,57.0,0.0,4.0,3.0,2.0,0.0
Patrick Corbin,FA,31313,1.43,4.73,127.0,5.0,8.0,10.0,0.0,14.0
Yariel Rodriguez,TOR,4411979,1.33,3.96,72.0,1.0,3.0,5.0,0.0,0.0
Brandon Eisert,CWS,4228247,1.33,4.36,69.0,2.0,2.0,5.0,1.0,0.0
Luis Garcia,NYM,33089,1.38,4.18,51.0,6.0,2.0,4.0,2.0,0.0
J.T. Ginn,OAK,4414002,1.45,4.83,67.0,1.0,3.0,5.0,0.0,3.0
Jordan Hicks,CWS,37909,1.47,4.5,60.0,7.0,2.0,5.0,0.0,0.0
Javier Assad,CHC,5002950,1.39,4.05,60.0,3.0,5.0,4.0,0.0,3.0
Brennan Bernardino,COL,35876,1.41,3.88,46.0,4.0,3.0,3.0,0.0,0.0
David Morgan,SD,5270578,1.28,4.25,58.0,2.0,3.0,3.0,0.0,0.0
Kade Strowd,ARI,5125912,1.42,3.98,43.0,2.0,3.0,2.0,0.0,0.0
Justin Wilson,FA,31026,1.25,3.75,54.0,3.0,2.0,3.0,0.0,0.0
Robert Gasser,MIL,4918251,1.28,3.88,63.0,0.0,4.0,3.0,0.0,1.0
Steven Wilson,TB,41828,1.43,4.66,60.0,2.0,2.0,4.0,0.0,0.0
Joe Jimenez,ATL,33760,1.04,3.06,63.0,0.0,4.0,1.0,0.0,0.0
Jake Bird,NYY,3459223,1.35,4.26,63.0,3.0,2.0,4.0,0.0,0.0
Ian Hamilton,ATL,41127,1.36,4.02,53.0,2.0,2.0,3.0,0.0,0.0
Luke Jackson,FA,31749,1.39,4.24,48.0,2.0,2.0,4.0,6.0,0.0
Adbert Alzolay,NYM,39802,1.33,4.6,50.0,1.0,2.0,3.0,0.0,0.0
Mason Englert,TB,41386,1.23,3.94,48.0,2.0,3.0,2.0,0.0,0.0
Alek Manoah,LAA,42436,1.57,5.28,44.0,1.0,2.0,3.0,0.0,4.0
Steven Cruz,KC,5002931,1.29,3.76,49.0,2.0,2.0,4.0,0.0,0.0
Cooper Criswell,SEA,4326801,1.33,3.93,47.0,1.0,3.0,3.0,0.0,1.0
Stephen Kolek,KC,5190073,1.38,4.17,47.0,1.0,4.0,4.0,0.0,2.0
Jackson Rutledge,WSH,42434,1.52,5.26,58.0,2.0,3.0,4.0,0.0,0.0
Jonathan Bowlan,PHI,41344,1.27,3.94,49.0,1.0,3.0,2.0,0.0,0.0
Corbin Burnes,ARI,39878,1.2,3.69,58.0,2.0,4.0,3.0,0.0,6.0
Keider Montero,DET,5182933,1.46,4.86,51.0,1.0,3.0,4.0,0.0,0.0
Trevor McDonald,SF,5185136,1.53,5.07,67.0,4.0,4.0,6.0,0.0,7.0
Jonathan Cannon,CWS,4620398,1.51,5.05,54.0,1.0,3.0,5.0,0.0,2.0
Porter Hodge,CHC,5185133,1.58,5.04,58.0,4.0,2.0,4.0,0.0,0.0
Tommy Nance,TOR,36385,1.14,3.25,39.0,1.0,3.0,1.0,0.0,0.0
Luis Medina,OAK,40949,1.52,4.86,47.0,5.0,2.0,4.0,0.0,4.0
Jose Leclerc,FA,33926,1.31,4.17,68.0,4.0,3.0,3.0,0.0,0.0
Hurston Waldrep,ATL,4740117,1.57,4.5,39.0,1.0,3.0,2.0,0.0,4.0
Justin Lawrence,PIT,41310,1.47,4.5,33.0,3.0,1.0,3.0,0.0,0.0
Erick Fedde,CWS,33793,1.44,4.6,90.0,2.0,6.0,9.0,0.0,11.0
David Festa,MIN,5124114,1.31,4.34,61.0,1.0,3.0,3.0,0.0,6.0
Dietrich Enns,BAL,36049,1.43,4.93,40.0,1.0,2.0,3.0,0.0,0.0
Jonah Tong,NYM,5214984,1.21,3.19,59.0,2.0,4.0,1.0,0.0,7.0
Mason Fluharty,TOR,4622501,1.32,4.11,58.0,1.0,4.0,2.0,0.0,0.0
Chase Silseth,LAA,4413990,1.65,4.92,71.0,4.0,4.0,4.0,0.0,0.0
Tyler Gilbert,CWS,40559,1.38,4.18,53.0,3.0,3.0,3.0,0.0,0.0
Taylor Clarke,ARI,35277,1.3,4.33,45.0,3.0,3.0,3.0,0.0,0.0
Jordan Montgomery,TEX,38173,1.32,4.09,42.0,2.0,3.0,2.0,0.0,4.0
Tobias Myers,NYM,39716,1.31,3.94,39.0,2.0,3.0,2.0,0.0,6.0
Justin Wrobleski,LAD,4417203,1.36,4.36,59.0,1.0,4.0,3.0,0.0,0.0
Martin Perez,ATL,31098,1.38,4.15,19.0,0.0,2.0,1.0,0.0,3.0
Josiah Gray,WSH,41165,1.39,4.17,93.0,4.0,5.0,6.0,0.0,9.0
Chad Green,TOR,33325,1.31,4.31,42.0,0.0,2.0,3.0,0.0,0.0
Ryan Fernandez,STL,5002952,1.42,4.26,43.0,1.0,1.0,3.0,0.0,0.0
Walker Buehler,SD,39251,1.53,5.06,62.0,1.0,4.0,5.0,0.0,7.0
DL Hall,MIL,41018,1.43,4.11,39.0,0.0,3.0,2.0,0.0,0.0
Andrew Alvarez,WSH,4300668,1.43,4.5,11.0,1.0,1.0,1.0,0.0,1.0
Andrew Chafin,FA,32810,1.36,4.0,42.0,5.0,2.0,2.0,0.0,0.0
Yoendrys Gomez,TB,42898,1.45,4.66,29.0,1.0,1.0,2.0,0.0,3.0
Kevin Kelly,TB,5001153,1.16,3.78,44.0,1.0,2.0,4.0,0.0,0.0
Kyle Hart,SD,39936,1.35,4.31,43.0,1.0,3.0,2.0,0.0,0.0
Joel Peguero,SF,4722917,1.44,4.5,30.0,2.0,1.0,3.0,0.0,0.0
Jason Alexander,HOU,41849,1.49,4.87,50.0,1.0,3.0,4.0,0.0,1.0
Jaden Hill,COL,4414362,1.31,3.86,39.0,2.0,2.0,2.0,0.0,0.0
Brusdar Graterol,LAD,40965,1.13,3.0,23.0,1.0,2.0,1.0,0.0,0.0
Tristan Beck,SF,41309,1.26,3.83,47.0,2.0,3.0,3.0,0.0,0.0
Hunter Bigge,TB,4987389,1.23,4.11,38.0,1.0,2.0,2.0,0.0,0.0
Mick Abel,MIN,4718970,1.71,5.4,31.0,1.0,1.0,3.0,0.0,3.0
Rico Garcia,BAL,41382,1.42,4.74,43.0,2.0,1.0,3.0,0.0,0.0
Zack Kelly,BOS,41569,1.44,4.19,42.0,2.0,3.0,2.0,0.0,0.0
Cole Sulser,TB,37825,1.15,3.33,27.0,0.0,2.0,1.0,0.0,0.0
Bailey Falter,KC,4705677,1.37,4.43,42.0,1.0,3.0,4.0,0.0,1.0
Nick Sandlin,LAA,41385,1.31,4.4,54.0,1.0,3.0,2.0,0.0,0.0
Jack Perkins,OAK,4418686,1.35,3.92,69.0,4.0,4.0,3.0,0.0,2.0
Spencer Turnbull,FA,33732,1.58,4.81,39.0,2.0,2.0,3.0,0.0,1.0
Kyle Nicolas,PIT,4415762,1.46,4.15,42.0,3.0,2.0,2.0,0.0,0.0
Brandon Sproat,MIL,4621041,1.42,4.42,44.0,2.0,3.0,3.0,0.0,5.0
Rafael Montero,NYY,32631,1.39,4.3,45.0,0.0,3.0,2.0,0.0,0.0
Matt Gage,SF,40337,1.2,3.34,29.0,2.0,2.0,2.0,0.0,0.0
Christian Scott,NYM,4414215,1.28,4.17,51.0,0.0,3.0,3.0,0.0,5.0
Kaleb Ort,LAA,42639,1.47,4.78,53.0,2.0,2.0,3.0,0.0,0.0
Konnor Pilkington,DET,41329,1.57,4.89,49.0,2.0,2.0,3.0,0.0,0.0
A.J. Puk,ARI,36201,1.1,3.43,28.0,1.0,2.0,0.0,2.0,0.0
Joel Payamps,ATL,40021,1.24,4.14,35.0,1.0,2.0,2.0,0.0,0.0
Ryan Bergert,KC,5196249,1.49,4.85,32.0,1.0,2.0,2.0,0.0,4.0
Juan Morillo,ARI,4722925,1.51,4.38,35.0,2.0,2.0,2.0,0.0,0.0
Patrick Sandoval,BOS,40975,1.57,4.76,49.0,4.0,3.0,3.0,0.0,1.0
Zach Agnos,COL,5207459,1.51,4.76,41.0,2.0,1.0,5.0,3.0,0.0
Mitchell Parker,WSH,4683356,1.36,4.5,41.0,2.0,3.0,3.0,0.0,1.0
Eric Orze,MIN,4299966,1.4,4.4,46.0,0.0,2.0,3.0,0.0,0.0
James McArthur,KC,3960883,1.19,3.98,41.0,1.0,3.0,2.0,0.0,0.0
Wikelman Gonzalez,CWS,4917659,1.64,4.75,33.0,1.0,2.0,2.0,0.0,0.0
Cade Povich,BAL,5085743,1.33,4.35,58.0,2.0,3.0,4.0,0.0,6.0
Yohan Ramirez,PIT,41893,1.39,4.03,43.0,6.0,2.0,2.0,0.0,0.0
Brent Headrick,NYY,5116839,1.19,4.0,30.0,1.0,2.0,1.0,0.0,0.0
Jordan Wicks,CHC,4420749,1.4,4.58,51.0,1.0,3.0,3.0,2.0,0.0
Ryan Brasier,TEX,30189,1.16,3.66,29.0,1.0,2.0,2.0,0.0,0.0
Wade Miley,FA,31094,1.45,4.34,33.0,1.0,3.0,3.0,0.0,6.0
Colin Selby,BAL,5116841,1.34,4.22,36.0,1.0,2.0,2.0,0.0,0.0
Chris Murphy,CWS,4084958,1.41,4.14,34.0,2.0,2.0,2.0,0.0,0.0
Evan Phillips,LAD,37911,1.1,3.1,33.0,1.0,2.0,1.0,0.0,0.0
Alexis Diaz,TEX,4905920,1.52,4.91,38.0,1.0,2.0,2.0,0.0,0.0
Tanner Gordon,COL,4415658,1.47,4.74,14.0,0.0,1.0,1.0,0.0,2.0
Connor Phillips,CIN,4918160,1.7,5.67,43.0,2.0,2.0,3.0,0.0,0.0
Casey Legumina,SEA,4346117,1.35,4.3,45.0,1.0,3.0,2.0,0.0,0.0
Gordon Graceffo,STL,5123582,1.6,5.04,38.0,1.0,2.0,4.0,0.0,0.0
Brock Stewart,LAD,35997,1.41,4.78,35.0,1.0,1.0,3.0,0.0,0.0
Austin Gomber,TEX,34897,1.33,4.6,33.0,1.0,2.0,3.0,0.0,4.0
Michael Kopech,FA,33763,1.7,5.67,31.0,3.0,1.0,2.0,0.0,0.0
Alex Lange,KC,40976,1.41,4.03,33.0,3.0,2.0,1.0,0.0,0.0
Drew Thorpe,CWS,4629086,1.27,3.9,26.0,0.0,2.0,1.0,0.0,3.0
Sam Hentges,SF,41225,1.41,4.03,27.0,1.0,2.0,1.0,0.0,0.0
Evan Sisk,PIT,3994084,1.34,3.72,33.0,1.0,2.0,1.0,0.0,0.0
Dauri Moreta,FA,41874,1.26,3.77,44.0,2.0,2.0,1.0,0.0,0.0
