,Name,Team,z_total,z_H,z_R,z_HR,z_TB,z_RBI,z_BB,z_SB,z_AVG,H,R,HR,TB,RBI,BB,SB,AVG,Type,Pos,z_K,z_QS,z_W,z_L,z_SV,z_HD,z_ERA,z_WHIP,K,QS,W,L,SV,HD,ERA,WHIP,espn_rank,espn_rank_roto,espn_auction
0,Aaron Judge,NYY,1.521,1.713,3.24,3.008,2.909,1.998,3.031,-0.146,3.079,179.0,137.0,53.0,372.0,114.0,124.0,12.0,0.331,BAT,BAT,,,,,,,,,,,,,,,,,2,2.0,79.0
1,Shohei Ohtani,LAD,1.459,1.404,3.752,3.223,3.095,1.289,2.365,0.564,0.977,172.0,146.0,55.0,380.0,102.0,109.0,20.0,0.282,BAT,BAT,,,,,,,,,,,,,,,,,1,1.0,101.0
2,Cal Raleigh,SEA,1.184,0.3,1.702,3.762,2.42,2.647,1.833,0.032,-0.524,147.0,110.0,60.0,351.0,125.0,97.0,14.0,0.247,BAT,BAT,,,,,,,,,,,,,,,,,13,29.0,39.0
3,Kyle Schwarber,PHI,1.138,0.212,1.759,3.331,2.163,3.061,2.321,-0.323,-0.824,145.0,111.0,56.0,340.0,132.0,108.0,10.0,0.24,BAT,BAT,,,,,,,,,,,,,,,,,21,20.0,34.0
4,Juan Soto,NYM,0.985,0.521,2.272,1.931,1.301,1.466,3.164,2.159,0.162,152.0,120.0,43.0,303.0,105.0,127.0,38.0,0.263,BAT,BAT,,,,,,,,,,,,,,,,,3,5.0,77.0
5,Pete Alonso,NYM,0.753,1.316,0.392,1.393,1.861,2.707,0.235,-1.121,0.548,170.0,87.0,38.0,327.0,126.0,61.0,1.0,0.272,BAT,BAT,,,,,,,,,,,,,,,,,76,27.0,11.0
6,Junior Caminero,TBR,0.703,0.83,0.734,2.147,1.744,1.762,-0.653,-0.589,0.205,159.0,93.0,45.0,322.0,110.0,41.0,7.0,0.264,BAT,BAT,,,,,,,,,,,,,,,,,16,19.0,36.0
7,Francisco Lindor,NYM,0.666,1.404,2.101,0.639,1.232,0.344,0.412,1.539,0.334,172.0,117.0,31.0,300.0,86.0,65.0,31.0,0.267,BAT,BAT,,,,,,,,,,,,,,,,,42,14.0,22.0
8,Julio Rodriguez,SEA,0.663,1.492,1.474,0.747,1.441,0.876,-0.52,1.45,0.334,174.0,106.0,32.0,309.0,95.0,44.0,30.0,0.267,BAT,BAT,,,,,,,,,,,,,,,,,25,9.0,32.0
9,Jose Ramirez,CLE,0.627,1.227,1.304,0.531,1.185,0.285,0.457,2.691,1.02,168.0,103.0,30.0,298.0,85.0,66.0,44.0,0.283,BAT,BAT,,,,,,,,,,,,,,,,,7,4.0,57.0
10,Bobby Witt Jr.,KCR,0.603,1.934,1.076,-0.223,1.511,0.462,-0.298,2.159,1.535,184.0,99.0,23.0,312.0,88.0,49.0,38.0,0.295,BAT,BAT,,,,,,,,,,,,,,,,,5,3.0,68.0
11,Eugenio Suarez,- - -,0.602,-0.274,0.62,2.577,1.441,2.234,-0.431,-0.855,-1.339,134.0,91.0,49.0,309.0,118.0,46.0,4.0,0.228,BAT,BAT,,,,,,,,,,,,,,,,,109,108.0,5.0
12,Rafael Devers,- - -,0.578,0.565,1.076,1.07,1.022,1.702,2.498,-1.121,-0.31,153.0,99.0,35.0,291.0,109.0,112.0,1.0,0.252,BAT,BAT,,,,,,,,,,,,,,,,,111,34.0,5.0
13,Garrett Crochet,BOS,0.535,,,,,,,,,,,,,,,,,PIT,PIT,2.553,0.816,2.438,0.776,-0.547,-0.356,1.032,0.898,255.0,16.6,18.0,5.0,0.0,0.0,2.59,1.03,8,12.0,48.0
14,Geraldo Perdomo,ARI,0.514,1.448,1.019,-0.546,0.672,1.171,1.699,1.184,1.32,173.0,98.0,20.0,276.0,100.0,94.0,27.0,0.29,BAT,BAT,,,,,,,,,,,,,,,,,61,63.0,14.0
15,Corbin Carroll,ARI,0.511,0.256,1.531,0.639,1.348,0.226,0.501,1.627,-0.009,146.0,107.0,31.0,305.0,84.0,67.0,32.0,0.259,BAT,BAT,,,,,,,,,,,,,,,,,17,6.0,36.0
16,Matt Olson,ATL,0.509,1.316,1.019,0.424,1.278,0.876,1.566,-1.121,0.548,170.0,98.0,29.0,302.0,95.0,91.0,1.0,0.272,BAT,BAT,,,,,,,,,,,,,,,,,65,31.0,13.0
17,George Springer,TOR,0.496,0.609,1.474,0.747,0.742,0.226,0.59,0.386,2.135,154.0,106.0,32.0,279.0,84.0,69.0,18.0,0.309,BAT,BAT,,,,,,,,,,,,,,,,,59,91.0,15.0
18,Tarik Skubal,DET,0.479,,,,,,,,,,,,,,,,,PIT,PIT,2.257,0.743,1.122,0.486,-0.547,-0.356,1.417,1.729,241.0,16.1,13.0,6.0,0.0,0.0,2.21,0.89,6,10.0,67.0
19,Riley Greene,DET,0.448,0.653,0.222,1.177,1.138,1.821,-0.431,-1.032,-0.052,155.0,84.0,36.0,296.0,111.0,46.0,2.0,0.258,BAT,BAT,,,,,,,,,,,,,,,,,113,78.0,5.0
20,Elly De La Cruz,CIN,0.416,1.139,1.247,-0.33,0.696,0.344,0.501,2.071,0.205,166.0,102.0,22.0,277.0,86.0,67.0,37.0,0.264,BAT,BAT,,,,,,,,,,,,,,,,,52,8.0,18.0
21,Max Fried,NYY,0.414,,,,,,,,,,,,,,,,,PIT,PIT,1.156,0.816,2.701,0.776,-0.547,-0.356,0.759,0.482,189.0,16.6,19.0,5.0,0.0,0.0,2.86,1.1,28,46.0,30.0
22,Freddy Peralta,MIL,0.411,,,,,,,,,,,,,,,,,PIT,PIT,1.473,0.903,2.175,0.486,-0.547,-0.356,0.921,0.601,204.0,17.2,17.0,6.0,0.0,0.0,2.7,1.08,41,47.0,23.0
23,Manny Machado,SDP,0.395,1.271,0.62,0.208,0.836,0.876,-0.031,0.032,0.677,169.0,91.0,27.0,283.0,95.0,55.0,14.0,0.275,BAT,BAT,,,,,,,,,,,,,,,,,23,28.0,33.0
24,Brent Rooker,ATH,0.391,1.051,0.677,0.531,1.232,0.521,0.412,-0.677,0.119,164.0,92.0,30.0,300.0,89.0,65.0,6.0,0.262,BAT,BAT,,,,,,,,,,,,,,,,,39,44.0,24.0
25,Carlos Rodon,NYY,0.389,,,,,,,,,,,,,,,,,PIT,PIT,1.452,0.903,2.438,-0.384,-0.547,-0.356,0.526,0.779,203.0,17.2,18.0,9.0,0.0,0.0,3.09,1.05,216,160.0,0.0
26,Vinnie Pasquantino,KCR,0.385,1.051,-0.462,0.747,1.115,1.939,-0.298,-1.121,0.205,164.0,72.0,32.0,295.0,113.0,49.0,1.0,0.264,BAT,BAT,,,,,,,,,,,,,,,,,85,50.0,9.0
27,Cody Bellinger,NYY,0.383,0.874,0.506,0.424,0.812,1.053,0.057,-0.057,0.548,160.0,89.0,29.0,282.0,98.0,57.0,13.0,0.272,BAT,BAT,,,,,,,,,,,,,,,,,44,66.0,21.0
28,Bryan Woo,SEA,0.382,,,,,,,,,,,,,,,,,PIT,PIT,1.346,0.67,1.649,0.196,-0.547,-0.356,0.678,1.492,198.0,15.6,15.0,7.0,0.0,0.0,2.94,0.93,20,41.0,35.0
29,James Wood,WSN,0.379,0.565,0.392,0.639,0.859,0.817,1.3,0.12,-0.138,153.0,87.0,31.0,284.0,94.0,85.0,15.0,0.256,BAT,BAT,,,,,,,,,,,,,,,,,89,35.0,9.0
30,Fernando Tatis Jr.,SDP,0.376,0.83,1.759,-0.007,0.416,-0.542,1.478,1.627,0.377,159.0,111.0,25.0,265.0,71.0,89.0,32.0,0.268,BAT,BAT,,,,,,,,,,,,,,,,,14,13.0,39.0
31,Cristopher Sanchez,PHI,0.37,,,,,,,,,,,,,,,,,PIT,PIT,1.643,0.816,1.122,0.776,-0.547,-0.356,1.123,0.72,212.0,16.6,13.0,5.0,0.0,0.0,2.5,1.06,12,23.0,40.0
32,Pete Crow-Armstrong,CHC,0.365,0.256,0.62,0.639,0.859,0.876,-1.185,1.893,-0.524,146.0,91.0,31.0,284.0,95.0,29.0,35.0,0.247,BAT,BAT,,,,,,,,,,,,,,,,,71,54.0,12.0
33,Paul Skenes,PIT,0.343,,,,,,,,,,,,,,,,,PIT,PIT,1.727,0.816,0.333,-0.674,-0.547,-0.356,1.66,1.373,216.0,16.6,10.0,10.0,0.0,0.0,1.97,0.95,4,11.0,72.0
34,Nick Pivetta,SDP,0.337,,,,,,,,,,,,,,,,,PIT,PIT,1.177,0.743,1.122,0.776,-0.547,-0.356,0.749,1.136,190.0,16.1,13.0,5.0,0.0,0.0,2.87,0.99,56,90.0,16.0
35,Vladimir Guerrero Jr.,TOR,0.334,1.404,0.905,-0.223,0.649,0.226,1.123,-0.677,1.406,172.0,96.0,23.0,275.0,84.0,81.0,6.0,0.292,BAT,BAT,,,,,,,,,,,,,,,,,26,24.0,31.0
36,Christian Yelich,MIL,0.324,0.477,0.449,0.424,0.276,1.348,0.368,0.209,0.205,151.0,88.0,29.0,259.0,103.0,64.0,16.0,0.264,BAT,BAT,,,,,,,,,,,,,,,,,68,74.0,13.0
37,Yoshinobu Yamamoto,LAD,0.324,,,,,,,,,,,,,,,,,PIT,PIT,1.41,0.67,0.859,-0.094,-0.547,-0.356,1.133,1.136,201.0,15.6,12.0,8.0,0.0,0.0,2.49,0.99,19,22.0,35.0
38,Trevor Story,BOS,0.319,0.918,0.62,-0.007,0.416,0.935,-1.008,1.539,0.162,161.0,91.0,25.0,265.0,96.0,33.0,31.0,0.263,BAT,BAT,,,,,,,,,,,,,,,,,263,76.0,0.0
39,Hunter Brown,HOU,0.315,,,,,,,,,,,,,,,,,PIT,PIT,1.516,0.743,0.859,-0.384,-0.547,-0.356,1.194,0.898,206.0,16.1,12.0,9.0,0.0,0.0,2.43,1.03,24,25.0,32.0
40,Nathan Eovaldi,TEX,0.304,,,,,,,,,,,,,,,,,PIT,PIT,-0.115,0.058,0.596,1.356,-0.547,-0.356,1.903,1.967,129.0,11.4,11.0,3.0,0.0,0.0,1.73,0.85,72,127.0,12.0
41,Jacob deGrom,TEX,0.298,,,,,,,,,,,,,,,,,PIT,PIT,1.071,0.67,0.859,-0.094,-0.547,-0.356,0.647,1.551,185.0,15.6,12.0,8.0,0.0,0.0,2.97,0.92,34,38.0,27.0
42,Zack Wheeler,PHI,0.284,,,,,,,,,,,,,,,,,PIT,PIT,1.283,0.219,0.333,0.776,-0.547,-0.356,0.911,1.433,195.0,12.5,10.0,5.0,0.0,0.0,2.71,0.94,66,93.0,13.0
43,Taylor Ward,LAA,0.282,-0.362,0.336,1.177,0.649,1.348,0.856,-0.855,-1.339,132.0,86.0,36.0,275.0,103.0,75.0,4.0,0.228,BAT,BAT,,,,,,,,,,,,,,,,,83,166.0,9.0
44,Byron Buxton,MIN,0.271,-0.495,0.962,1.07,0.509,0.167,-0.653,0.918,0.205,129.0,97.0,35.0,269.0,83.0,41.0,24.0,0.264,BAT,BAT,,,,,,,,,,,,,,,,,132,62.0,3.0
45,Logan Webb,SFG,0.271,,,,,,,,,,,,,,,,,PIT,PIT,1.897,0.976,1.649,-0.964,-0.547,-0.356,0.394,-0.349,224.0,17.7,15.0,11.0,0.0,0.0,3.22,1.24,22,39.0,33.0
46,Jesus Luzardo,PHI,0.254,,,,,,,,,,,,,,,,,PIT,PIT,1.727,0.816,1.649,0.196,-0.547,-0.356,-0.315,-0.23,216.0,16.6,15.0,7.0,0.0,0.0,3.92,1.22,33,82.0,27.0
47,Freddie Freeman,LAD,0.249,1.051,0.051,-0.115,0.742,0.58,0.19,-0.677,1.535,164.0,81.0,24.0,279.0,90.0,60.0,6.0,0.295,BAT,BAT,,,,,,,,,,,,,,,,,101,43.0,6.0
48,Yandy Diaz,TBR,0.245,1.536,-0.063,-0.007,0.789,0.167,0.057,-0.943,1.749,175.0,79.0,25.0,281.0,83.0,57.0,3.0,0.3,BAT,BAT,,,,,,,,,,,,,,,,,123,89.0,4.0
49,Joe Ryan,MIN,0.241,,,,,,,,,,,,,,,,,PIT,PIT,1.261,0.67,1.122,-0.674,-0.547,-0.356,0.192,0.839,194.0,15.6,13.0,10.0,0.0,0.0,3.42,1.04,30,59.0,29.0
50,Brice Turang,MIL,0.239,1.227,0.962,-0.761,0.16,0.049,0.457,0.918,1.235,168.0,97.0,18.0,254.0,81.0,66.0,24.0,0.288,BAT,BAT,,,,,,,,,,,,,,,,,67,67.0,13.0
51,Bo Bichette,TOR,0.238,1.801,-0.12,-0.761,0.789,0.817,-0.697,-0.855,2.221,181.0,78.0,18.0,281.0,94.0,40.0,4.0,0.311,BAT,BAT,,,,,,,,,,,,,,,,,115,71.0,5.0
52,Trea Turner,PHI,0.235,1.713,0.791,-1.084,0.509,-0.66,-0.564,1.982,1.921,179.0,94.0,15.0,269.0,69.0,43.0,36.0,0.304,BAT,BAT,,,,,,,,,,,,,,,,,80,18.0,10.0
53,Seiya Suzuki,CHC,0.22,-0.009,-0.291,0.747,0.603,1.348,0.679,-0.766,-0.61,140.0,75.0,32.0,273.0,103.0,71.0,5.0,0.245,BAT,BAT,,,,,,,,,,,,,,,,,87,84.0,9.0
54,Matthew Boyd,CHC,0.218,,,,,,,,,,,,,,,,,PIT,PIT,0.414,0.743,1.386,-0.094,-0.547,-0.356,0.404,0.542,154.0,16.1,14.0,8.0,0.0,0.0,3.21,1.09,150,149.0,2.0
55,Josh Naylor,- - -,0.206,0.874,0.051,-0.546,0.09,0.698,-0.342,1.45,1.535,160.0,81.0,20.0,251.0,92.0,48.0,30.0,0.295,BAT,BAT,,,,,,,,,,,,,,,,,92,58.0,8.0
56,Randy Arozarena,SEA,0.194,0.256,0.848,0.208,0.323,-0.247,0.368,1.539,-0.91,146.0,95.0,27.0,261.0,76.0,64.0,31.0,0.238,BAT,BAT,,,,,,,,,,,,,,,,,94,77.0,8.0
57,Nick Kurtz,ATH,0.193,-0.804,0.563,1.177,0.3,0.344,0.324,-1.032,1.32,122.0,90.0,36.0,260.0,86.0,63.0,2.0,0.29,BAT,BAT,,,,,,,,,,,,,,,,,79,21.0,10.0
58,Drew Rasmussen,TBR,0.182,,,,,,,,,,,,,,,,,PIT,PIT,-0.157,0.743,0.333,0.776,-0.547,-0.356,0.86,0.957,127.0,16.1,10.0,5.0,0.0,0.0,2.76,1.02,126,128.0,3.0
59,Gavin Williams,CLE,0.178,,,,,,,,,,,,,,,,,PIT,PIT,0.817,0.743,0.859,0.776,-0.547,-0.356,0.556,-0.527,173.0,16.1,12.0,5.0,0.0,0.0,3.06,1.27,145,147.0,2.0
60,Sonny Gray,STL,0.178,,,,,,,,,,,,,,,,,PIT,PIT,1.41,0.816,1.386,-0.094,-0.547,-0.356,-0.68,-0.289,201.0,16.6,14.0,8.0,0.0,0.0,4.28,1.23,63,132.0,14.0
61,Michael Busch,CHC,0.172,-0.142,-0.12,0.962,0.626,0.58,0.013,-0.855,0.076,137.0,78.0,34.0,274.0,90.0,56.0,4.0,0.261,BAT,BAT,,,,,,,,,,,,,,,,,173,87.0,1.0
62,Merrill Kelly,- - -,0.169,,,,,,,,,,,,,,,,,PIT,PIT,0.69,0.816,0.859,-0.384,-0.547,-0.356,0.09,0.423,167.0,16.6,12.0,9.0,0.0,0.0,3.52,1.11,168,225.0,1.0
63,Kevin Gausman,TOR,0.159,,,,,,,,,,,,,,,,,PIT,PIT,1.156,0.816,0.333,-0.964,-0.547,-0.356,0.019,0.72,189.0,16.6,10.0,11.0,0.0,0.0,3.59,1.06,51,101.0,18.0
64,Hunter Goodman,COL,0.158,0.432,-0.405,0.639,0.789,0.639,-1.008,-1.121,0.806,150.0,73.0,31.0,281.0,91.0,33.0,1.0,0.278,BAT,BAT,,,,,,,,,,,,,,,,,140,86.0,2.0
65,Tyler Soderstrom,ATH,0.15,0.653,-0.291,-0.007,0.44,0.757,-0.031,-0.5,0.72,155.0,75.0,25.0,266.0,93.0,55.0,8.0,0.276,BAT,BAT,,,,,,,,,,,,,,,,,119,83.0,4.0
66,Robbie Ray,SFG,0.143,,,,,,,,,,,,,,,,,PIT,PIT,1.092,0.816,0.596,-0.094,-0.547,-0.356,-0.041,-0.171,186.0,16.6,11.0,8.0,0.0,0.0,3.65,1.21,152,172.0,1.0
67,Brandon Nimmo,NYM,0.14,0.609,0.051,-0.007,0.207,0.698,-0.253,-0.057,0.119,154.0,81.0,25.0,256.0,92.0,50.0,13.0,0.262,BAT,BAT,,,,,,,,,,,,,,,,,104,140.0,6.0
68,Framber Valdez,HOU,0.138,,,,,,,,,,,,,,,,,PIT,PIT,1.113,0.743,1.122,-0.964,-0.547,-0.356,-0.052,-0.349,187.0,16.1,13.0,11.0,0.0,0.0,3.66,1.24,46,61.0,21.0
69,Aroldis Chapman,BOS,0.137,,,,,,,,,,,,,,,,,PIT,PIT,-1.047,-1.602,-0.982,1.356,2.242,0.435,2.47,2.858,85.0,0.0,5.0,3.0,32.0,4.0,1.17,0.7,88,80.0,9.0
70,Jarren Duran,BOS,0.135,0.83,0.336,-0.976,0.626,0.226,0.19,0.918,-0.138,159.0,86.0,16.0,274.0,84.0,60.0,24.0,0.256,BAT,BAT,,,,,,,,,,,,,,,,,54,57.0,17.0
71,Willy Adames,SFG,0.135,-0.318,0.791,0.531,0.043,0.403,1.078,-0.146,-1.468,133.0,94.0,30.0,249.0,87.0,80.0,12.0,0.225,BAT,BAT,,,,,,,,,,,,,,,,,130,111.0,3.0
72,Andrew Abbott,CIN,0.132,,,,,,,,,,,,,,,,,PIT,PIT,0.308,0.597,0.333,0.196,-0.547,-0.356,0.749,0.186,149.0,15.1,10.0,7.0,0.0,0.0,2.87,1.15,134,211.0,3.0
73,Luis Castillo,SEA,0.125,,,,,,,,,,,,,,,,,PIT,PIT,0.584,0.816,0.596,-0.094,-0.547,-0.356,0.07,0.007,162.0,16.6,11.0,8.0,0.0,0.0,3.54,1.18,78,146.0,10.0
74,Chris Sale,ATL,0.123,,,,,,,,,,,,,,,,,PIT,PIT,0.647,-0.087,-0.456,0.776,-0.547,-0.356,1.042,0.661,165.0,10.4,7.0,5.0,0.0,0.0,2.58,1.07,29,37.0,29.0
75,Andy Pages,LAD,0.122,0.786,-0.348,0.208,0.486,0.344,-1.185,0.032,0.548,158.0,74.0,27.0,268.0,86.0,29.0,14.0,0.272,BAT,BAT,,,,,,,,,,,,,,,,,137,138.0,2.0
76,Quinn Priester,MIL,0.12,,,,,,,,,,,,,,,,,PIT,PIT,-0.052,0.219,1.122,1.356,-0.547,-0.356,0.293,-0.349,132.0,12.5,13.0,3.0,0.0,0.0,3.32,1.24,373,297.0,0.0
77,Hunter Greene,CIN,0.117,,,,,,,,,,,,,,,,,PIT,PIT,-0.052,-0.16,-0.456,1.066,-0.547,-0.356,0.86,1.433,132.0,9.9,7.0,4.0,0.0,0.0,2.76,0.94,363,274.0,0.0
78,Maikel Garcia,KCR,0.113,1.316,0.051,-0.976,0.463,-0.365,0.279,0.83,1.149,170.0,81.0,16.0,267.0,74.0,62.0,23.0,0.286,BAT,BAT,,,,,,,,,,,,,,,,,58,75.0,15.0
79,Ronny Henriquez,MIA,0.112,,,,,,,,,,,,,,,,,PIT,PIT,-0.772,-1.602,-0.456,1.936,0.063,4.787,1.407,0.482,98.0,0.0,7.0,1.0,7.0,26.0,2.22,1.1,999,,
80,Nick Lodolo,CIN,0.109,,,,,,,,,,,,,,,,,PIT,PIT,0.457,0.525,0.07,-0.094,-0.547,-0.356,0.283,0.601,156.0,14.6,9.0,8.0,0.0,0.0,3.33,1.08,120,152.0,4.0
81,Ranger Suarez,PHI,0.105,,,,,,,,,,,,,,,,,PIT,PIT,0.351,0.364,0.859,-0.094,-0.547,-0.356,0.414,-0.23,151.0,13.5,12.0,8.0,0.0,0.0,3.2,1.22,129,170.0,3.0
82,Casey Mize,DET,0.096,,,,,,,,,,,,,,,,,PIT,PIT,0.097,0.525,1.386,0.486,-0.547,-0.356,-0.264,-0.527,139.0,14.6,14.0,6.0,0.0,0.0,3.87,1.27,305,262.0,0.0
83,Brady Singer,CIN,0.095,,,,,,,,,,,,,,,,,PIT,PIT,0.605,0.816,1.386,-1.255,-0.547,-0.356,-0.426,-0.349,163.0,16.6,14.0,12.0,0.0,0.0,4.03,1.24,214,499.0,0.0
84,Logan Gilbert,SEA,0.095,,,,,,,,,,,,,,,,,PIT,PIT,0.817,0.291,-0.719,0.486,-0.547,-0.356,0.171,0.898,173.0,13.0,6.0,6.0,0.0,0.0,3.44,1.03,15,40.0,38.0
85,Ryan Pepiot,TBR,0.079,,,,,,,,,,,,,,,,,PIT,PIT,0.69,0.743,0.596,-1.255,-0.547,-0.356,-0.254,0.126,167.0,16.1,11.0,12.0,0.0,0.0,3.86,1.16,70,157.0,13.0
86,Jose Altuve,HOU,0.076,0.697,-0.006,0.101,0.3,-0.188,-0.031,-0.323,0.248,156.0,80.0,26.0,260.0,77.0,55.0,10.0,0.265,BAT,BAT,,,,,,,,,,,,,,,,,55,106.0,17.0
87,Zack Littell,- - -,0.072,,,,,,,,,,,,,,,,,PIT,PIT,-0.094,0.816,0.333,-0.094,-0.547,-0.356,-0.204,0.482,130.0,16.6,10.0,8.0,0.0,0.0,3.81,1.1,317,471.0,0.0
88,Edwin Diaz,NYM,0.065,,,,,,,,,,,,,,,,,PIT,PIT,-0.772,-1.602,-0.719,1.356,1.894,-0.356,2.005,1.848,98.0,0.0,6.0,3.0,28.0,0.0,1.63,0.87,49,53.0,19.0
89,Cade Smith,CLE,0.064,,,,,,,,,,,,,,,,,PIT,PIT,-0.645,-1.602,-0.193,0.776,0.848,3.402,0.688,1.076,104.0,0.0,8.0,5.0,16.0,19.0,2.93,1.0,43,68.0,22.0
90,Ryne Nelson,ARI,0.06,,,,,,,,,,,,,,,,,PIT,PIT,-0.052,0.146,-0.456,1.356,-0.46,-0.356,0.222,0.661,132.0,12.0,7.0,3.0,1.0,0.0,3.39,1.07,296,276.0,0.0
91,Tanner Bibee,CLE,0.052,,,,,,,,,,,,,,,,,PIT,PIT,0.584,0.743,0.859,-0.964,-0.547,-0.356,-0.639,-0.289,162.0,16.1,12.0,11.0,0.0,0.0,4.24,1.23,98,184.0,7.0
92,Noah Cameron,KCR,0.05,,,,,,,,,,,,,,,,,PIT,PIT,-0.433,0.219,0.07,0.196,-0.547,-0.356,0.627,0.482,114.0,12.5,9.0,7.0,0.0,0.0,2.99,1.1,239,251.0,0.0
93,Shota Imanaga,CHC,0.047,,,,,,,,,,,,,,,,,PIT,PIT,-0.369,0.291,0.07,-0.094,-0.547,-0.356,-0.122,1.136,117.0,13.0,9.0,8.0,0.0,0.0,3.73,0.99,153,142.0,1.0
94,Clay Holmes,NYM,0.046,,,,,,,,,,,,,,,,,PIT,PIT,-0.115,0.743,0.859,-0.094,-0.547,-0.356,0.08,-0.705,129.0,16.1,12.0,8.0,0.0,0.0,3.53,1.3,233,514.0,0.0
95,Gunnar Henderson,BAL,0.042,0.786,0.279,-0.869,0.137,-0.719,0.279,1.45,0.634,158.0,85.0,17.0,253.0,68.0,62.0,30.0,0.274,BAT,BAT,,,,,,,,,,,,,,,,,18,16.0,36.0
96,Mookie Betts,LAD,0.041,0.521,0.848,-0.546,-0.189,0.108,0.235,-0.5,-0.052,152.0,95.0,20.0,239.0,82.0,61.0,8.0,0.258,BAT,BAT,,,,,,,,,,,,,,,,,36,48.0,26.0
97,Jackson Chourio,MIL,0.038,0.344,0.449,-0.438,0.16,-0.128,-1.141,0.652,0.463,148.0,88.0,21.0,254.0,78.0,30.0,21.0,0.27,BAT,BAT,,,,,,,,,,,,,,,,,35,17.0,26.0
98,Chris Bassitt,TOR,0.037,,,,,,,,,,,,,,,,,PIT,PIT,0.669,0.743,0.596,-0.384,-0.547,-0.356,-0.355,-0.883,166.0,16.1,11.0,9.0,0.0,0.0,3.96,1.33,244,302.0,0.0
99,Brayan Bello,BOS,0.03,,,,,,,,,,,,,,,,,PIT,PIT,-0.221,0.525,0.596,-0.384,-0.547,-0.356,0.262,-0.349,124.0,14.6,11.0,9.0,0.0,0.0,3.35,1.24,261,446.0,0.0
100,Josh Hader,HOU,0.025,,,,,,,,,,,,,,,,,PIT,PIT,-1.237,-1.602,-0.719,1.646,1.894,-0.356,1.579,1.967,76.0,0.0,6.0,2.0,28.0,0.0,2.05,0.85,155,141.0,1.0
101,Spencer Torkelson,DET,0.023,-0.23,0.108,0.639,0.23,-0.128,0.723,-1.032,-0.824,135.0,82.0,31.0,257.0,78.0,72.0,2.0,0.24,BAT,BAT,,,,,,,,,,,,,,,,,206,164.0,0.0
102,Lucas Giolito,BOS,0.022,,,,,,,,,,,,,,,,,PIT,PIT,-0.284,0.364,0.333,1.066,-0.547,-0.356,0.202,-0.646,121.0,13.5,10.0,4.0,0.0,0.0,3.41,1.29,409,470.0,0.0
103,Kyle Tucker,CHC,0.022,-0.318,0.62,-0.33,-0.353,-0.424,1.389,1.007,0.291,133.0,91.0,22.0,232.0,73.0,87.0,25.0,0.266,BAT,BAT,,,,,,,,,,,,,,,,,9,15.0,46.0
104,Ketel Marte,ARI,0.02,-0.186,0.392,0.316,0.02,-0.483,0.368,-0.855,1.02,136.0,87.0,28.0,248.0,72.0,64.0,4.0,0.283,BAT,BAT,,,,,,,,,,,,,,,,,11,36.0,43.0
105,Zac Gallen,ARI,0.017,,,,,,,,,,,,,,,,,PIT,PIT,0.859,0.903,1.122,-2.125,-0.547,-0.356,-1.237,-0.468,175.0,17.2,13.0,15.0,0.0,0.0,4.83,1.26,105,219.0,6.0
106,Edward Cabrera,MIA,0.014,,,,,,,,,,,,,,,,,PIT,PIT,0.33,0.364,-0.193,0.196,-0.547,-0.356,0.08,-0.289,150.0,13.5,8.0,7.0,0.0,0.0,3.53,1.23,210,254.0,0.0
107,Edwin Uceta,TBR,0.014,,,,,,,,,,,,,,,,,PIT,PIT,-0.666,-1.602,0.333,1.356,-0.46,3.798,-0.183,0.067,103.0,0.0,10.0,3.0,1.0,21.0,3.79,1.17,351,334.0,0.0
108,Dean Kremer,BAL,0.014,,,,,,,,,,,,,,,,,PIT,PIT,0.16,0.597,0.596,-0.674,-0.547,-0.356,-0.588,-0.171,142.0,15.1,11.0,10.0,0.0,0.0,4.19,1.21,309,599.0,0.0
109,Kris Bubic,KCR,0.011,,,,,,,,,,,,,,,,,PIT,PIT,-0.39,-0.087,-0.193,0.196,-0.547,-0.356,1.073,0.007,116.0,10.4,8.0,7.0,0.0,0.0,2.55,1.18,184,237.0,1.0
110,Colin Rea,CHC,0.01,,,,,,,,,,,,,,,,,PIT,PIT,-0.157,0.437,0.596,0.196,-0.46,-0.356,-0.345,-0.408,127.0,14.0,11.0,7.0,1.0,0.0,3.95,1.25,583,537.0,0.0
111,Jeffrey Springs,ATH,0.008,,,,,,,,,,,,,,,,,PIT,PIT,0.076,0.67,0.596,-0.964,-0.547,-0.356,-0.507,-0.171,138.0,15.6,11.0,11.0,0.0,0.0,4.11,1.21,274,311.0,0.0
112,Jo Adell,LAA,0.003,-0.716,-0.974,1.285,0.183,1.053,-1.008,-0.766,-0.996,124.0,63.0,37.0,255.0,98.0,33.0,5.0,0.236,BAT,BAT,,,,,,,,,,,,,,,,,191,165.0,0.0
113,Jack Leiter,TEX,-0.003,,,,,,,,,,,,,,,,,PIT,PIT,0.287,0.597,0.333,-0.674,-0.547,-0.356,-0.254,-0.586,148.0,15.1,10.0,10.0,0.0,0.0,3.86,1.28,241,400.0,0.0
114,Dylan Cease,SDP,-0.005,,,,,,,,,,,,,,,,,PIT,PIT,1.706,0.816,-0.193,-1.255,-0.547,-0.356,-0.953,-0.883,215.0,16.6,8.0,12.0,0.0,0.0,4.55,1.33,48,64.0,19.0
115,Dansby Swanson,CHC,-0.007,0.167,0.222,-0.115,-0.026,-0.188,-0.387,0.564,-0.653,144.0,84.0,24.0,246.0,77.0,47.0,20.0,0.244,BAT,BAT,,,,,,,,,,,,,,,,,180,107.0,1.0
116,Bryan Abreu,HOU,-0.009,,,,,,,,,,,,,,,,,PIT,PIT,-0.623,-1.602,-1.508,1.066,0.063,4.589,1.346,0.186,105.0,0.0,3.0,4.0,7.0,25.0,2.28,1.15,144,117.0,2.0
117,Jose Berrios,TOR,-0.01,,,,,,,,,,,,,,,,,PIT,PIT,0.076,0.67,0.07,0.776,-0.547,-0.356,-0.568,-0.705,138.0,15.6,9.0,5.0,0.0,0.0,4.17,1.3,470,256.0,0.0
118,Shane Smith,CHW,-0.013,,,,,,,,,,,,,,,,,PIT,PIT,0.224,0.597,-0.456,-0.094,-0.547,-0.356,-0.204,-0.111,145.0,15.1,7.0,8.0,0.0,0.0,3.81,1.2,238,265.0,0.0
119,George Kirby,SEA,-0.014,,,,,,,,,,,,,,,,,PIT,PIT,0.054,0.146,0.333,-0.094,-0.547,-0.356,-0.609,-0.052,137.0,12.0,10.0,8.0,0.0,0.0,4.21,1.19,38,60.0,24.0
120,Will Warren,NYY,-0.017,,,,,,,,,,,,,,,,,PIT,PIT,0.774,0.903,0.07,-0.094,-0.547,-0.356,-0.842,-1.121,171.0,17.2,9.0,8.0,0.0,0.0,4.44,1.37,338,371.0,0.0
121,Brandon Pfaadt,ARI,-0.018,,,,,,,,,,,,,,,,,PIT,PIT,0.266,0.903,1.122,-0.384,-0.547,-0.356,-1.662,-0.883,147.0,17.2,13.0,9.0,0.0,0.0,5.25,1.33,286,595.0,0.0
122,Dennis Santana,PIT,-0.021,,,,,,,,,,,,,,,,,PIT,PIT,-1.576,-1.602,-1.245,0.776,0.848,2.018,1.447,1.848,60.0,0.0,4.0,5.0,16.0,12.0,2.18,0.87,303,173.0,0.0
123,Ian Happ,CHC,-0.028,-0.098,0.392,-0.223,-0.189,-0.069,1.389,-0.677,-0.696,138.0,87.0,23.0,239.0,79.0,87.0,6.0,0.243,BAT,BAT,,,,,,,,,,,,,,,,,77,227.0,10.0
124,David Peterson,NYM,-0.031,,,,,,,,,,,,,,,,,PIT,PIT,0.33,0.67,0.07,0.486,-0.547,-0.356,-0.619,-1.121,150.0,15.6,9.0,6.0,0.0,0.0,4.22,1.37,257,305.0,0.0
125,Michael Wacha,KCR,-0.033,,,,,,,,,,,,,,,,,PIT,PIT,-0.179,0.743,0.333,-1.545,-0.547,-0.356,-0.254,-0.23,126.0,16.1,10.0,13.0,0.0,0.0,3.86,1.22,219,462.0,0.0
126,Mason Miller,- - -,-0.035,,,,,,,,,,,,,,,,,PIT,PIT,-0.645,-1.602,-2.034,1.646,1.371,1.622,0.992,1.611,104.0,0.0,1.0,2.0,22.0,10.0,2.63,0.91,37,51.0,25.0
127,CJ Abrams,WSN,-0.039,0.388,0.677,-0.653,0.09,-1.192,-0.83,1.539,-0.095,149.0,92.0,19.0,251.0,60.0,37.0,31.0,0.257,BAT,BAT,,,,,,,,,,,,,,,,,151,52.0,1.0
128,Brandon Lowe,TBR,-0.047,-0.451,-0.063,0.639,-0.12,0.167,-0.786,-0.943,-0.138,130.0,79.0,31.0,242.0,83.0,38.0,3.0,0.256,BAT,BAT,,,,,,,,,,,,,,,,,170,151.0,1.0
129,Shane Baz,TBR,-0.048,,,,,,,,,,,,,,,,,PIT,PIT,0.88,0.743,0.333,-1.255,-0.547,-0.356,-1.277,-0.883,176.0,16.1,10.0,12.0,0.0,0.0,4.87,1.33,175,208.0,1.0
130,Shea Langeliers,ATH,-0.048,-0.318,-0.405,0.639,0.253,-0.483,-0.875,-0.589,0.763,133.0,73.0,31.0,258.0,72.0,36.0,7.0,0.277,BAT,BAT,,,,,,,,,,,,,,,,,73,88.0,12.0
131,David Bednar,- - -,-0.053,,,,,,,,,,,,,,,,,PIT,PIT,-1.026,-1.602,-0.719,0.776,1.807,0.435,1.326,0.839,86.0,0.0,6.0,5.0,27.0,4.0,2.3,1.04,81,81.0,10.0
132,Salvador Perez,KCR,-0.054,0.035,-1.487,0.531,0.44,1.171,-1.23,-1.209,-0.996,141.0,54.0,30.0,266.0,100.0,28.0,0.0,0.236,BAT,BAT,,,,,,,,,,,,,,,,,100,98.0,7.0
133,Heliot Ramos,SFG,-0.055,0.83,0.279,-0.438,0.02,-0.66,-0.165,-0.677,-0.138,159.0,85.0,21.0,248.0,69.0,52.0,6.0,0.256,BAT,BAT,,,,,,,,,,,,,,,,,188,156.0,1.0
134,Jack Flaherty,DET,-0.065,,,,,,,,,,,,,,,,,PIT,PIT,1.134,0.743,-0.193,-2.125,-0.547,-0.356,-1.044,-0.586,188.0,16.1,8.0,15.0,0.0,0.0,4.64,1.28,164,245.0,1.0
135,Jose Soriano,LAA,-0.065,,,,,,,,,,,,,,,,,PIT,PIT,0.372,0.743,0.333,-0.964,-0.547,-0.356,-0.659,-1.299,152.0,16.1,10.0,11.0,0.0,0.0,4.26,1.4,187,366.0,1.0
136,Nick Martinez,CIN,-0.066,,,,,,,,,,,,,,,,,PIT,PIT,-0.39,0.364,0.596,-1.835,-0.547,0.633,-0.852,-0.171,116.0,13.5,11.0,14.0,0.0,5.0,4.45,1.21,369,559.0,0.0
137,Trent Grisham,NYY,-0.069,-1.069,0.392,0.962,-0.422,-0.365,1.167,-0.943,-1.039,116.0,87.0,34.0,229.0,74.0,82.0,3.0,0.235,BAT,BAT,,,,,,,,,,,,,,,,,249,226.0,0.0
138,Nico Hoerner,CHC,-0.07,1.669,0.506,-1.946,-0.259,-1.133,-0.742,1.362,1.621,178.0,89.0,7.0,236.0,61.0,39.0,29.0,0.297,BAT,BAT,,,,,,,,,,,,,,,,,40,79.0,24.0
139,Yusei Kikuchi,LAA,-0.072,,,,,,,,,,,,,,,,,PIT,PIT,0.838,0.903,-0.456,-0.964,-0.547,-0.356,-0.386,-1.418,174.0,17.2,7.0,11.0,0.0,0.0,3.99,1.42,182,291.0,1.0
140,Jhoan Duran,- - -,-0.075,,,,,,,,,,,,,,,,,PIT,PIT,-1.153,-1.602,-0.456,0.486,2.242,-0.158,1.569,0.482,80.0,0.0,7.0,6.0,32.0,1.0,2.06,1.1,60,56.0,15.0
141,Andres Munoz,SEA,-0.077,,,,,,,,,,,,,,,,,PIT,PIT,-1.089,-1.602,-1.508,1.356,2.765,-0.356,1.903,0.898,83.0,0.0,3.0,3.0,38.0,0.0,1.73,1.03,53,55.0,18.0
142,Bryce Harper,PHI,-0.078,-0.407,-0.462,0.208,-0.073,-0.306,0.634,-0.146,0.076,131.0,72.0,27.0,244.0,75.0,70.0,12.0,0.261,BAT,BAT,,,,,,,,,,,,,,,,,117,32.0,4.0
143,Seth Lugo,KCR,-0.081,,,,,,,,,,,,,,,,,PIT,PIT,-0.2,0.364,-0.193,0.196,-0.547,-0.356,-0.548,-0.646,125.0,13.5,8.0,7.0,0.0,0.0,4.15,1.29,222,317.0,0.0
144,Jazz Chisholm Jr.,NYY,-0.082,-1.246,-0.291,0.639,-0.585,-0.01,0.102,1.539,-0.738,112.0,75.0,31.0,222.0,80.0,58.0,31.0,0.242,BAT,BAT,,,,,,,,,,,,,,,,,62,26.0,14.0
145,William Contreras,MIL,-0.085,0.3,0.506,-0.869,-0.492,-0.247,1.256,-0.677,0.034,147.0,89.0,17.0,226.0,76.0,84.0,6.0,0.26,BAT,BAT,,,,,,,,,,,,,,,,,27,65.0,30.0
146,Sandy Alcantara,MIA,-0.086,,,,,,,,,,,,,,,,,PIT,PIT,0.16,0.743,0.596,-1.255,-0.547,-0.356,-1.773,-0.527,142.0,16.1,11.0,12.0,0.0,0.0,5.36,1.27,172,159.0,1.0
147,Christian Walker,HOU,-0.088,-0.053,-0.462,0.208,-0.026,0.462,-0.697,-1.032,-0.91,139.0,72.0,27.0,246.0,88.0,40.0,2.0,0.238,BAT,BAT,,,,,,,,,,,,,,,,,195,169.0,0.0
148,Kenley Jansen,LAA,-0.109,,,,,,,,,,,,,,,,,PIT,PIT,-1.64,-1.602,-0.982,1.066,1.981,-0.356,1.032,1.373,57.0,0.0,5.0,4.0,29.0,0.0,2.59,0.95,179,124.0,1.0
149,Robert Suarez,SDP,-0.122,,,,,,,,,,,,,,,,,PIT,PIT,-1.259,-1.602,-1.245,0.486,2.94,-0.356,0.647,1.67,75.0,0.0,4.0,6.0,40.0,0.0,2.97,0.9,266,119.0,0.0
150,Mitch Keller,PIT,-0.122,,,,,,,,,,,,,,,,,PIT,PIT,0.33,0.816,-0.719,-2.125,-0.547,-0.356,-0.588,-0.468,150.0,16.6,6.0,15.0,0.0,0.0,4.19,1.26,204,396.0,0.0
151,Emilio Pagan,CIN,-0.125,,,,,,,,,,,,,,,,,PIT,PIT,-1.132,-1.602,-1.771,1.066,2.242,0.04,0.738,1.551,81.0,0.0,2.0,4.0,32.0,2.0,2.88,0.92,114,115.0,5.0
152,Tomoyuki Sugano,BAL,-0.125,,,,,,,,,,,,,,,,,PIT,PIT,-0.602,0.67,0.333,-0.674,-0.547,-0.356,-1.044,-0.883,106.0,15.6,10.0,10.0,0.0,0.0,4.64,1.33,483,773.0,0.0
153,MacKenzie Gore,WSN,-0.13,,,,,,,,,,,,,,,,,PIT,PIT,1.071,0.67,-0.982,-2.125,-0.547,-0.356,-0.568,-1.002,185.0,15.6,5.0,15.0,0.0,0.0,4.17,1.35,135,196.0,2.0
154,Matthew Liberatore,STL,-0.13,,,,,,,,,,,,,,,,,PIT,PIT,-0.263,0.597,-0.193,-1.255,-0.547,-0.356,-0.609,-0.764,122.0,15.1,8.0,12.0,0.0,0.0,4.21,1.31,426,414.0,0.0
155,Luis Severino,ATH,-0.133,,,,,,,,,,,,,,,,,PIT,PIT,-0.221,0.597,-0.193,-0.964,-0.547,-0.356,-0.943,-0.705,124.0,15.1,8.0,11.0,0.0,0.0,4.54,1.3,340,601.0,0.0
156,Kyle Hendricks,LAA,-0.135,,,,,,,,,,,,,,,,,PIT,PIT,-0.433,0.743,-0.193,-0.674,-0.547,-0.356,-1.166,-0.586,114.0,16.1,8.0,10.0,0.0,0.0,4.76,1.28,999,,
157,Zach Neto,LAA,-0.137,-0.495,0.108,0.101,-0.213,-1.073,-1.008,1.096,-0.095,129.0,82.0,26.0,238.0,62.0,33.0,26.0,0.257,BAT,BAT,,,,,,,,,,,,,,,,,160,42.0,1.0
158,Trevor Megill,MIL,-0.137,,,,,,,,,,,,,,,,,PIT,PIT,-1.576,-1.602,-0.719,1.356,2.068,-0.356,1.133,0.304,60.0,0.0,6.0,3.0,30.0,0.0,2.49,1.13,186,116.0,1.0
159,Patrick Corbin,TEX,-0.151,,,,,,,,,,,,,,,,,PIT,PIT,-0.073,0.67,-0.456,-0.964,-0.547,-0.356,-0.801,-1.061,131.0,15.6,7.0,11.0,0.0,0.0,4.4,1.36,999,,
160,Logan Allen,CLE,-0.156,,,,,,,,,,,,,,,,,PIT,PIT,-0.263,0.597,-0.193,-0.964,-0.547,-0.356,-0.649,-1.299,122.0,15.1,8.0,11.0,0.0,0.0,4.25,1.4,523,667.0,0.0
161,Michael Harris II,ATL,-0.166,0.521,-1.43,-0.546,0.067,0.344,-1.762,0.564,-0.438,152.0,55.0,20.0,250.0,86.0,16.0,20.0,0.249,BAT,BAT,,,,,,,,,,,,,,,,,136,110.0,2.0
162,Raisel Iglesias,ATL,-0.167,,,,,,,,,,,,,,,,,PIT,PIT,-1.301,-1.602,-1.245,0.486,1.981,0.04,0.404,1.076,73.0,0.0,4.0,6.0,29.0,2.0,3.21,1.0,103,112.0,6.0
163,JP Sears,- - -,-0.17,,,,,,,,,,,,,,,,,PIT,PIT,-0.369,0.437,0.07,-0.964,-0.547,-0.356,-1.449,-0.824,117.0,14.0,9.0,11.0,0.0,0.0,5.04,1.32,452,605.0,0.0
164,Justin Verlander,SFG,-0.172,,,,,,,,,,,,,,,,,PIT,PIT,0.054,0.597,-1.245,-0.964,-0.547,-0.356,-0.244,-1.061,137.0,15.1,4.0,11.0,0.0,0.0,3.85,1.36,423,478.0,0.0
165,Carlos Estevez,KCR,-0.172,,,,,,,,,,,,,,,,,PIT,PIT,-1.703,-1.602,-1.245,0.776,3.114,-0.356,1.174,0.72,54.0,0.0,4.0,5.0,42.0,0.0,2.45,1.06,240,113.0,0.0
166,Steven Kwan,CLE,-0.177,1.316,0.051,-1.515,-0.306,-1.428,-0.031,0.652,0.548,170.0,81.0,11.0,234.0,56.0,55.0,21.0,0.272,BAT,BAT,,,,,,,,,,,,,,,,,47,158.0,20.0
167,Michael Lorenzen,KCR,-0.178,,,,,,,,,,,,,,,,,PIT,PIT,-0.157,0.364,-0.456,-0.964,-0.547,-0.356,-1.044,-0.883,127.0,13.5,7.0,11.0,0.0,0.0,4.64,1.33,455,823.0,0.0
168,Will Vest,DET,-0.179,,,,,,,,,,,,,,,,,PIT,PIT,-1.259,-1.602,-0.719,0.776,1.458,0.237,0.607,-0.171,75.0,0.0,6.0,5.0,23.0,3.0,3.01,1.21,316,280.0,0.0
169,Taj Bradley,- - -,-0.181,,,,,,,,,,,,,,,,,PIT,PIT,-0.157,0.437,-0.719,-0.094,-0.547,-0.356,-1.459,-0.764,127.0,14.0,6.0,8.0,0.0,0.0,5.05,1.31,440,431.0,0.0
170,Pete Fairbanks,TBR,-0.182,,,,,,,,,,,,,,,,,PIT,PIT,-1.597,-1.602,-1.245,0.776,1.807,-0.356,0.789,0.839,59.0,0.0,4.0,5.0,27.0,0.0,2.83,1.04,167,130.0,1.0
171,Eduardo Rodriguez,ARI,-0.183,,,,,,,,,,,,,,,,,PIT,PIT,0.181,0.597,0.07,-0.384,-0.547,-0.356,-1.429,-2.13,143.0,15.1,9.0,9.0,0.0,0.0,5.02,1.54,429,638.0,0.0
172,Lawrence Butler,ATH,-0.2,-0.318,0.165,-0.438,-0.399,-1.014,0.146,0.741,-1.082,133.0,83.0,21.0,230.0,63.0,59.0,22.0,0.234,BAT,BAT,,,,,,,,,,,,,,,,,205,139.0,0.0
173,Bryce Elder,ATL,-0.204,,,,,,,,,,,,,,,,,PIT,PIT,-0.073,0.525,-0.193,-0.964,-0.547,-0.356,-1.713,-1.24,131.0,14.6,8.0,11.0,0.0,0.0,5.3,1.39,500,556.0,0.0
174,Jeremy Pena,HOU,-0.205,0.432,-0.69,-0.869,-0.283,-1.073,-0.919,0.564,1.921,150.0,68.0,17.0,235.0,62.0,35.0,20.0,0.304,BAT,BAT,,,,,,,,,,,,,,,,,138,73.0,2.0
175,Jeff Hoffman,TOR,-0.212,,,,,,,,,,,,,,,,,PIT,PIT,-1.068,-1.602,0.07,0.196,2.33,-0.356,-0.771,-0.052,84.0,0.0,9.0,7.0,33.0,0.0,4.37,1.19,162,123.0,1.0
176,Devin Williams,NYY,-0.218,,,,,,,,,,,,,,,,,PIT,PIT,-0.941,-1.602,-1.245,0.486,1.022,2.611,-1.196,0.304,90.0,0.0,4.0,6.0,18.0,15.0,4.79,1.13,69,109.0,13.0
177,Ramon Laureano,- - -,-0.225,-0.716,-0.462,-0.115,-0.492,-0.247,-0.919,-0.589,0.934,124.0,72.0,24.0,226.0,76.0,35.0,7.0,0.281,BAT,BAT,,,,,,,,,,,,,,,,,237,304.0,0.0
178,Teoscar Hernandez,LAD,-0.226,-0.627,-0.86,-0.007,-0.353,0.521,-1.319,-0.766,-0.524,126.0,65.0,25.0,232.0,89.0,26.0,5.0,0.247,BAT,BAT,,,,,,,,,,,,,,,,,163,136.0,1.0
179,Kyle Finnegan,- - -,-0.227,,,,,,,,,,,,,,,,,PIT,PIT,-1.682,-1.602,-1.245,1.066,1.545,0.237,0.141,0.423,55.0,0.0,4.0,4.0,24.0,3.0,3.47,1.11,482,285.0,0.0
180,Jake Irvin,WSN,-0.229,,,,,,,,,,,,,,,,,PIT,PIT,-0.221,0.903,0.07,-1.545,-0.547,-0.356,-2.118,-1.477,124.0,17.2,9.0,13.0,0.0,0.0,5.7,1.43,518,878.0,0.0
181,Spencer Strider,ATL,-0.229,,,,,,,,,,,,,,,,,PIT,PIT,-0.073,0.146,-0.456,-1.835,-0.547,-0.356,-0.852,-1.299,131.0,12.0,7.0,14.0,0.0,0.0,4.45,1.4,96,100.0,7.0
182,Jorge Polanco,SEA,-0.23,-0.672,-0.917,0.101,-0.329,-0.128,-0.608,-0.677,0.248,125.0,64.0,26.0,233.0,78.0,42.0,6.0,0.265,BAT,BAT,,,,,,,,,,,,,,,,,212,207.0,0.0
183,Jose A. Ferrer,WSN,-0.232,,,,,,,,,,,,,,,,,PIT,PIT,-1.343,-1.602,-1.245,1.066,0.412,3.798,-0.882,-0.527,71.0,0.0,4.0,4.0,11.0,21.0,4.48,1.27,999,,
184,Felix Bautista,BAL,-0.236,,,,,,,,,,,,,,,,,PIT,PIT,-1.788,-1.602,-2.034,1.936,1.109,-0.356,1.022,0.304,50.0,0.0,1.0,1.0,19.0,0.0,2.6,1.13,999,,
185,Camilo Doval,- - -,-0.242,,,,,,,,,,,,,,,,,PIT,PIT,-1.322,-1.602,-1.245,1.356,0.848,1.622,0.029,-0.824,72.0,0.0,4.0,3.0,16.0,10.0,3.58,1.32,400,287.0,0.0
186,Dustin May,- - -,-0.249,,,,,,,,,,,,,,,,,PIT,PIT,-0.242,0.146,-0.456,-0.964,-0.547,-0.356,-1.368,-1.418,123.0,12.0,7.0,11.0,0.0,0.0,4.96,1.42,364,479.0,0.0
187,Emmanuel Clase,CLE,-0.251,,,,,,,,,,,,,,,,,PIT,PIT,-1.852,-1.602,-0.982,1.356,1.545,-0.158,0.384,-0.289,47.0,0.0,5.0,3.0,24.0,1.0,3.23,1.23,999,,
188,Calvin Faucher,MIA,-0.254,,,,,,,,,,,,,,,,,PIT,PIT,-1.597,-1.602,-1.245,1.066,0.761,1.029,0.333,-0.586,59.0,0.0,4.0,4.0,15.0,7.0,3.28,1.28,489,680.0,0.0
189,Daniel Palencia,CHC,-0.258,,,,,,,,,,,,,,,,,PIT,PIT,-1.555,-1.602,-2.034,0.486,1.371,0.831,0.708,0.245,61.0,0.0,1.0,6.0,22.0,6.0,2.91,1.14,203,131.0,0.0
190,Ozzie Albies,ATL,-0.258,0.212,-0.348,-0.976,-0.632,-0.365,-0.031,0.032,-0.824,145.0,74.0,16.0,220.0,74.0,55.0,14.0,0.24,BAT,BAT,,,,,,,,,,,,,,,,,74,193.0,11.0
191,Sean Burke,CHW,-0.261,,,,,,,,,,,,,,,,,PIT,PIT,-0.03,0.058,-1.245,-0.964,-0.547,-0.356,-0.619,-1.536,133.0,11.4,4.0,11.0,0.0,0.0,4.22,1.44,434,597.0,0.0
192,Charlie Morton,- - -,-0.264,,,,,,,,,,,,,,,,,PIT,PIT,0.308,0.437,0.07,-0.964,-0.547,-0.356,-2.249,-2.368,149.0,14.0,9.0,11.0,0.0,0.0,5.83,1.58,511,762.0,0.0
193,Sal Frelick,MIL,-0.269,0.521,-0.234,-1.407,-0.772,-1.014,-0.387,0.475,1.235,152.0,76.0,12.0,214.0,63.0,47.0,19.0,0.288,BAT,BAT,,,,,,,,,,,,,,,,,159,167.0,1.0
194,Gleyber Torres,DET,-0.271,-0.186,-0.063,-0.976,-0.958,-0.365,1.3,-0.855,-0.138,136.0,79.0,16.0,206.0,74.0,85.0,4.0,0.256,BAT,BAT,,,,,,,,,,,,,,,,,93,204.0,8.0
195,TJ Friedl,CIN,-0.277,0.477,0.108,-1.192,-0.655,-1.605,1.123,-0.146,0.076,151.0,82.0,14.0,219.0,53.0,81.0,12.0,0.261,BAT,BAT,,,,,,,,,,,,,,,,,171,307.0,1.0
196,Ben Rice,NYY,-0.286,-0.937,-0.348,0.101,-0.329,-0.896,-0.253,-0.943,-0.181,119.0,74.0,26.0,233.0,65.0,50.0,3.0,0.255,BAT,BAT,,,,,,,,,,,,,,,,,57,96.0,16.0
197,Ceddanne Rafaela,BOS,-0.286,-0.186,0.222,-0.976,-0.492,-1.014,-1.23,0.564,-0.438,136.0,84.0,16.0,226.0,63.0,28.0,20.0,0.249,BAT,BAT,,,,,,,,,,,,,,,,,196,145.0,0.0
198,Bryan Reynolds,PIT,-0.294,0.167,-0.69,-0.976,-0.259,-0.424,0.057,-0.943,-0.61,144.0,68.0,16.0,236.0,73.0,57.0,3.0,0.245,BAT,BAT,,,,,,,,,,,,,,,,,125,213.0,3.0
199,Ryan Walker,SFG,-0.296,,,,,,,,,,,,,,,,,PIT,PIT,-1.576,-1.602,-0.982,0.196,0.935,1.424,-0.507,-0.527,60.0,0.0,5.0,7.0,17.0,9.0,4.11,1.27,251,236.0,0.0
200,Willson Contreras,STL,-0.301,-0.627,-0.576,-0.546,-0.655,-0.01,-0.52,-0.766,-0.095,126.0,70.0,20.0,219.0,80.0,44.0,5.0,0.257,BAT,BAT,,,,,,,,,,,,,,,,,234,168.0,0.0
201,Mitchell Parker,WSN,-0.302,,,,,,,,,,,,,,,,,PIT,PIT,-0.666,0.67,0.07,-2.415,-0.46,-0.356,-2.098,-1.477,103.0,15.6,9.0,16.0,1.0,0.0,5.68,1.43,999,,
202,Wyatt Langford,TEX,-0.324,-0.981,-0.405,-0.33,-0.842,-1.073,0.812,0.741,-0.781,118.0,73.0,22.0,211.0,62.0,74.0,22.0,0.241,BAT,BAT,,,,,,,,,,,,,,,,,99,69.0,7.0
203,Kyle Stowers,MIA,-0.329,-1.113,-1.088,-0.007,-0.702,-0.424,-0.342,-0.766,1.235,115.0,61.0,25.0,217.0,73.0,48.0,5.0,0.288,BAT,BAT,,,,,,,,,,,,,,,,,154,105.0,1.0
204,Ben Brown,CHC,-0.356,,,,,,,,,,,,,,,,,PIT,PIT,-0.284,-0.466,-0.982,-0.094,-0.46,-0.158,-2.341,-1.536,121.0,7.8,5.0,8.0,1.0,1.0,5.92,1.44,999,,
205,Agustin Ramirez,MIA,-0.358,-0.716,-0.462,-0.438,-0.585,-0.778,-0.875,0.209,-1.21,124.0,72.0,21.0,222.0,67.0,36.0,16.0,0.231,BAT,BAT,,,,,,,,,,,,,,,,,121,94.0,4.0
206,Nick Castellanos,PHI,-0.363,-0.142,-0.462,-0.869,-0.655,-0.483,-1.052,-0.855,-0.395,137.0,72.0,17.0,219.0,72.0,32.0,4.0,0.25,BAT,BAT,,,,,,,,,,,,,,,,,477,489.0,0.0
207,Lenyn Sosa,CHW,-0.366,-0.142,-1.316,-0.33,-0.516,-0.306,-1.674,-1.032,0.205,137.0,57.0,22.0,225.0,75.0,18.0,2.0,0.264,BAT,BAT,,,,,,,,,,,,,,,,,536,284.0,0.0
208,Jackson Holliday,BAL,-0.374,0.079,-0.576,-0.869,-0.632,-1.487,0.013,0.298,-0.738,142.0,70.0,17.0,220.0,55.0,56.0,17.0,0.242,BAT,BAT,,,,,,,,,,,,,,,,,235,114.0,0.0
209,Tanner Scott,LAD,-0.38,,,,,,,,,,,,,,,,,PIT,PIT,-1.576,-1.602,-2.034,1.066,1.458,1.226,-1.145,-0.468,60.0,0.0,1.0,4.0,23.0,8.0,4.74,1.26,408,376.0,0.0
210,Mickey Moniak,COL,-0.385,-1.025,-1.031,-0.115,-0.516,-0.719,-1.496,-0.411,0.463,117.0,62.0,24.0,225.0,68.0,22.0,9.0,0.27,BAT,BAT,,,,,,,,,,,,,,,,,318,357.0,0.0
211,Spencer Steer,CIN,-0.394,-0.848,-0.803,-0.438,-0.888,-0.306,-0.209,-0.589,-0.91,121.0,66.0,21.0,209.0,75.0,51.0,7.0,0.238,BAT,BAT,,,,,,,,,,,,,,,,,256,224.0,0.0
212,Otto Lopez,MIA,-0.395,-0.274,-0.803,-1.084,-1.098,-0.188,-0.52,0.12,-0.567,134.0,66.0,15.0,200.0,77.0,44.0,15.0,0.246,BAT,BAT,,,,,,,,,,,,,,,,,166,247.0,1.0
213,Ryan O'Hearn,- - -,-0.409,-0.318,-0.746,-0.869,-0.935,-1.014,0.102,-0.943,0.934,133.0,67.0,17.0,207.0,63.0,58.0,3.0,0.281,BAT,BAT,,,,,,,,,,,,,,,,,185,235.0,1.0
214,Nathaniel Lowe,- - -,-0.411,-0.76,-0.917,-0.761,-0.958,0.226,0.279,-1.121,-1.339,123.0,64.0,18.0,206.0,84.0,62.0,1.0,0.228,BAT,BAT,,,,,,,,,,,,,,,,,999,,
215,Mike Trout,LAA,-0.414,-1.511,-0.405,0.101,-1.098,-0.955,1.389,-1.032,-1.167,106.0,73.0,26.0,200.0,64.0,87.0,2.0,0.232,BAT,BAT,,,,,,,,,,,,,,,,,224,137.0,0.0
216,Yainer Diaz,HOU,-0.427,-0.053,-1.373,-0.546,-0.492,-0.601,-1.585,-1.121,-0.138,139.0,56.0,20.0,226.0,70.0,20.0,1.0,0.256,BAT,BAT,,,,,,,,,,,,,,,,,106,179.0,6.0
217,Jordan Beck,COL,-0.432,-0.053,-1.031,-0.976,-0.539,-1.605,-0.564,0.475,-0.052,139.0,62.0,16.0,224.0,53.0,43.0,19.0,0.258,BAT,BAT,,,,,,,,,,,,,,,,,390,294.0,0.0
218,Bryson Stott,PHI,-0.449,-0.539,-0.803,-1.299,-1.214,-0.837,-0.076,0.918,-0.095,128.0,66.0,13.0,195.0,66.0,54.0,24.0,0.257,BAT,BAT,,,,,,,,,,,,,,,,,161,191.0,1.0
219,Lourdes Gurriel Jr.,ARI,-0.461,-0.716,-1.601,-0.653,-0.888,-0.01,-1.097,-0.323,-0.481,124.0,52.0,19.0,209.0,80.0,31.0,10.0,0.248,BAT,BAT,,,,,,,,,,,,,,,,,439,417.0,0.0
220,Ryan Helsley,- - -,-0.463,,,,,,,,,,,,,,,,,PIT,PIT,-1.513,-1.602,-1.508,1.066,1.284,-0.158,-0.902,-2.13,63.0,0.0,3.0,4.0,21.0,1.0,4.5,1.54,174,122.0,1.0
221,Anthony Volpe,NYY,-0.466,-1.157,-0.86,-0.653,-0.842,-0.483,-0.564,0.386,-2.025,114.0,65.0,19.0,211.0,72.0,43.0,18.0,0.212,BAT,BAT,,,,,,,,,,,,,,,,,502,201.0,0.0
222,Gavin Sheets,SDP,-0.487,-0.716,-1.316,-0.653,-0.842,-0.542,-0.52,-1.032,-0.31,124.0,57.0,19.0,211.0,71.0,44.0,2.0,0.252,BAT,BAT,,,,,,,,,,,,,,,,,258,290.0,0.0
223,Matt Chapman,SFG,-0.487,-1.555,-0.234,-0.438,-1.214,-1.133,0.679,-0.411,-1.21,105.0,76.0,21.0,195.0,61.0,71.0,9.0,0.231,BAT,BAT,,,,,,,,,,,,,,,,,118,104.0,4.0
224,Addison Barger,TOR,-0.49,-1.246,-1.088,-0.438,-0.888,-0.365,-0.875,-0.855,-0.696,112.0,61.0,21.0,209.0,74.0,36.0,4.0,0.243,BAT,BAT,,,,,,,,,,,,,,,,,260,206.0,0.0
225,Miguel Vargas,CHW,-0.492,-0.981,-0.006,-0.976,-1.051,-1.192,0.013,-0.677,-1.082,118.0,80.0,16.0,202.0,60.0,56.0,6.0,0.234,BAT,BAT,,,,,,,,,,,,,,,,,229,356.0,0.0
226,Kerry Carpenter,DET,-0.495,-1.378,-0.803,0.101,-0.749,-1.073,-1.674,-1.121,-0.31,109.0,66.0,26.0,215.0,62.0,18.0,1.0,0.252,BAT,BAT,,,,,,,,,,,,,,,,,215,223.0,0.0
227,Luis Garcia Jr.,WSN,-0.501,-0.76,-0.746,-0.976,-1.075,-0.837,-1.274,0.032,-0.31,123.0,67.0,16.0,201.0,66.0,27.0,14.0,0.252,BAT,BAT,,,,,,,,,,,,,,,,,192,192.0,0.0
228,Marcell Ozuna,ATL,-0.502,-1.201,-1.088,-0.438,-1.214,-0.719,1.699,-1.209,-1.167,113.0,61.0,21.0,195.0,68.0,94.0,0.0,0.232,BAT,BAT,,,,,,,,,,,,,,,,,201,303.0,0.0
229,Kyle Manzardo,CLE,-0.52,-1.334,-1.885,0.208,-0.772,-0.601,-0.342,-1.032,-1.082,110.0,47.0,27.0,214.0,70.0,48.0,2.0,0.234,BAT,BAT,,,,,,,,,,,,,,,,,323,216.0,0.0
230,Drake Baldwin,ATL,-0.528,-1.29,-1.373,-0.653,-1.331,-0.01,-0.786,-1.209,0.634,111.0,56.0,19.0,190.0,80.0,38.0,0.0,0.274,BAT,BAT,,,,,,,,,,,,,,,,,91,97.0,8.0
231,Adolis Garcia,TEX,-0.536,-1.113,-1.259,-0.653,-1.098,-0.306,-1.23,-0.057,-1.382,115.0,58.0,19.0,200.0,75.0,28.0,13.0,0.227,BAT,BAT,,,,,,,,,,,,,,,,,207,270.0,0.0
232,Ivan Herrera,STL,-0.597,-1.334,-1.487,-0.653,-1.564,-0.837,-0.564,-0.5,1.063,110.0,54.0,19.0,180.0,66.0,43.0,8.0,0.284,BAT,BAT,,,,,,,,,,,,,,,,,250,214.0,0.0
233,Oneil Cruz,PIT,-0.6,-2.041,-1.031,-0.546,-1.61,-1.133,0.368,2.159,-2.54,94.0,62.0,20.0,178.0,61.0,64.0,38.0,0.2,BAT,BAT,,,,,,,,,,,,,,,,,139,102.0,2.0
234,Ronald Acuna Jr.,ATL,-0.602,-1.864,-0.348,-0.438,-1.68,-2.255,0.679,-0.411,1.32,98.0,74.0,21.0,175.0,42.0,71.0,9.0,0.29,BAT,BAT,,,,,,,,,,,,,,,,,10,7.0,45.0
235,Matt McLain,CIN,-0.669,-1.246,-0.405,-1.084,-1.68,-1.782,-0.031,0.386,-1.682,112.0,73.0,15.0,175.0,50.0,55.0,18.0,0.22,BAT,BAT,,,,,,,,,,,,,,,,,220,249.0,0.0
236,Wilyer Abreu,BOS,-0.696,-2.129,-1.544,-0.33,-1.68,-0.66,-0.697,-0.677,-0.524,92.0,53.0,22.0,175.0,69.0,40.0,6.0,0.247,BAT,BAT,,,,,,,,,,,,,,,,,200,314.0,0.0
237,Cedric Mullins,- - -,-0.754,-2.041,-1.259,-0.869,-1.797,-1.251,-0.253,0.741,-1.854,94.0,58.0,17.0,170.0,59.0,50.0,22.0,0.216,BAT,BAT,,,,,,,,,,,,,,,,,276,306.0,0.0
238,Austin Wells,NYY,-0.782,-2.305,-1.658,-0.438,-1.68,-0.542,-1.141,-0.766,-1.725,88.0,51.0,21.0,175.0,71.0,30.0,5.0,0.219,BAT,BAT,,,,,,,,,,,,,,,,,223,273.0,0.0
239,Luis Robert Jr.,CHW,-0.934,-2.438,-1.601,-1.192,-2.519,-1.605,-0.697,1.716,-1.553,85.0,52.0,14.0,139.0,53.0,40.0,33.0,0.223,BAT,BAT,,,,,,,,,,,,,,,,,254,134.0,0.0
